statistical_rank,cpg,candidate_priority_score,robust_contrasts,tier1_contrasts,tier2_contrasts,tier3_contrasts,same_direction_contrasts,max_n_datasets,all_datasets_seen,best_fdr,best_neg_log10_fdr,max_abs_meta_effect,mean_i2,min_i2,strongest_contrast,top_random_effect,top_effect_direction,robust_contrast_summary,evidence_outcomes,evidence_runs,priority_label,best_nonzero_folds,all5_any_run,max_mean_abs_coefficient,likely_dataset_sensitive,r2_disease_group,r2_dataset,disease_r2_after_dataset,model_priority_score,dataset_warning,has_snp_annotation,evidence_tier,strict_subset_membership,direction_consistency,original_annotation,UCSC_RefGene_Name,current_gene_symbol,current_gene_aliases,gene_symbol_mapping_source,chromosome,genomic_position_hg19,MAPINFO,strand,UCSC_RefGene_Group,gene_region_annotation,UCSC_RefGene_Accession,Relation_to_UCSC_CpG_Island,CpG_island_name,Regulatory_Feature_Name,Regulatory_Feature_Group,Enhancer,DHS,DMR,HMM_Island,Phantom,nearby_regulatory_annotation,annotation_source,in_450k_annotation,in_epic_annotation,Probe_rs,Probe_maf,CpG_rs,CpG_maf,SBE_rs,SBE_maf,nearest_gene,nearest_gene_entrez,nearest_tss_transcript_id,nearest_tss_chr,nearest_tss_position,nearest_tss_strand,nearest_tss_distance,nearest_tss_orientation,biological_evidence_class,human_masld_evidence,human_liver_fibrosis_evidence,experimental_masld_evidence,experimental_liver_fibrosis_evidence,hepatic_metabolism_evidence,evidence_directness,evidence_source_1,evidence_source_2,evidence_source_3,literature_note,final_interpretation_priority,include_in_interpretation_panel,selection_reason,gene_or_genomic_context,interpretation_label,gene_genomic_context
1,cg10987682,116.10094949890768,4,4,0,0,4,6,Ahrens;Horvath;Johnson;ITEN;Murphy;VanDijck,2.070779326133493e-61,60.68386617949806,0.1886433718348373,37.98101002184669,1.2757381554674792,disease_vs_healthy,-0.17348192114218045,lower methylation in case/higher stage,"advanced_vs_nonadvanced: -0.189, FDR=2.40e-30, I2=10.1 | disease_vs_healthy: -0.173, FDR=2.07e-61, I2=1.3 | fibrosis_vs_nonfibrosis: -0.155, FDR=8.84e-05, I2=49.9 | progression_score: -0.124, FDR=6.13e-05, I2=90.7",binary_healthy_vs_disease;disease_group_3;disease_group_3_no_healthy_obese;disease_group_4;disease_group_4_no_healthy_obese;disease_group_5_obesity_split,binary_healthy_vs_disease_cpg_only_loso;disease_group_3_cpg_only_loso;disease_group_3_no_healthy_obese_cpg_only_loso;disease_group_4_cpg_only_loso;disease_group_4_no_healthy_obese_cpg_only_loso;disease_group_5_obesity_split_cpg_only_loso,stage_and_binary_all5,6,TRUE,1.1143156023217329,FALSE,0.408853047213392,0.1801375178908004,0.2752569909627713,5,none,FALSE,tier1_consistent_low_dataset_signal,TRUE,1,NA,NA,NA,NA,NA,chr2,23509827,23509827,+,NA,NA,NA,OpenSea,NA,NA,NA,TRUE,NA,NA,NA,NA,Regulatory_Feature_Group=NA; Regulatory_Feature_Name=NA; Enhancer=TRUE; DHS=NA; DMR=NA,450K_hg19,TRUE,TRUE,NA,NA,NA,NA,NA,NA,NA,NA,NA,NA,NA,NA,NA,NA,U,No gene/locus-specific human MASLD evidence identified.,No gene/locus-specific human liver-fibrosis evidence identified.,No gene/locus-specific experimental MASLD evidence identified.,No gene/locus-specific experimental liver-fibrosis evidence identified.,No convincing hepatic-metabolism evidence assigned.,Intergenic/no-gene candidate; no nearest-gene assignment is made in thesis-facing outputs.,NA,NA,NA,Biologically unresolved intergenic/no-gene candidate retained as a discovery-oriented statistical signal without assigning a nearest gene.,14,TRUE,Selected as a discovery-oriented unresolved locus because it is statistical rank 1 and belongs to the strict internal-support subset; retained without assigning a mechanism or target gene.,intergenic/no-gene,Interpretation priority 14,intergenic; unannotated
2,cg09870609,115.96782084409968,4,4,0,0,4,6,Ahrens;Horvath;Johnson;ITEN;Murphy;VanDijck,1.9267152088854544e-94,93.71518247442084,0.1453818158486491,40.64358311800653,0,advanced_vs_nonadvanced,-0.14537851643264238,lower methylation in case/higher stage,"advanced_vs_nonadvanced: -0.145, FDR=1.93e-94, I2=0.0 | disease_vs_healthy: -0.145, FDR=3.05e-73, I2=6.1 | fibrosis_vs_nonfibrosis: -0.109, FDR=8.39e-03, I2=66.3 | progression_score: -0.101, FDR=3.77e-05, I2=90.2",binary_healthy_vs_disease_no_healthy_obese;disease_group_3_no_healthy_obese;disease_group_4_no_healthy_obese;disease_group_5_obesity_split,binary_healthy_vs_disease_no_healthy_obese_cpg_only_loso;disease_group_3_no_healthy_obese_cpg_only_loso;disease_group_4_no_healthy_obese_cpg_only_loso;disease_group_5_obesity_split_cpg_only_loso,stage_and_binary_all5,6,TRUE,0.9844700900319028,FALSE,0.48883900897286975,0.20303028776812537,0.34547609248143996,5,none,FALSE,tier1_consistent_low_dataset_signal,TRUE,1,NA,NA,NA,NA,NA,chr15,81702952,81702952,+,NA,NA,NA,OpenSea,NA,15:81702522-81703190,Unclassified,TRUE,TRUE,NA,NA,NA,Regulatory_Feature_Group=Unclassified; Regulatory_Feature_Name=15:81702522-81703190; Enhancer=TRUE; DHS=TRUE; DMR=NA,450K_hg19,TRUE,TRUE,NA,NA,NA,NA,NA,NA,NA,NA,NA,NA,NA,NA,NA,NA,U,No gene/locus-specific human MASLD evidence identified.,No gene/locus-specific human liver-fibrosis evidence identified.,No gene/locus-specific experimental MASLD evidence identified.,No gene/locus-specific experimental liver-fibrosis evidence identified.,No convincing hepatic-metabolism evidence assigned.,Intergenic/no-gene candidate; no nearest-gene assignment is made in thesis-facing outputs.,NA,NA,NA,Biologically unresolved intergenic/no-gene candidate retained as a discovery-oriented statistical signal without assigning a nearest gene.,15,TRUE,Selected as a second discovery-oriented unresolved locus because of its statistical rank 2 and strict-subset status; biological interpretation is intentionally left open.,intergenic/no-gene,Interpretation priority 15,intergenic; unannotated
3,cg07953015,115.94014291771342,4,4,0,0,4,6,Ahrens;Horvath;Johnson;ITEN;Murphy;VanDijck,1.0849957729937783e-73,72.9645719537685,0.14798382207853158,41.19714164573175,0,advanced_vs_nonadvanced,0.14798382207853158,higher methylation in case/higher stage,"advanced_vs_nonadvanced: +0.148, FDR=1.08e-73, I2=0.0 | disease_vs_healthy: +0.129, FDR=1.52e-29, I2=27.3 | fibrosis_vs_nonfibrosis: +0.124, FDR=9.46e-05, I2=54.3 | progression_score: +0.088, FDR=1.49e-06, I2=83.2",binary_healthy_vs_disease;disease_group_3;disease_group_4,binary_healthy_vs_disease_cpg_only_loso;disease_group_3_cpg_only_loso;disease_group_4_cpg_only_loso,stage_and_binary_all5,5,TRUE,0.7814882189089066,FALSE,0.4022653917170795,0.16697165627558683,0.2715842010032601,5,none,FALSE,tier1_consistent_low_dataset_signal,TRUE,1,SEPW1,SEPW1,SELENOW,SELENOW;selW;SEPW1,org.Hs.eg.db:ALIAS,chr19,48285322,48285322,+,3'UTR,3'UTR,NM_003009,S_Shelf,chr19:48281585-48282351,19:48284813-48285362,Unclassified_Cell_type_specific,NA,NA,CDMR,NA,NA,Regulatory_Feature_Group=Unclassified_Cell_type_specific; Regulatory_Feature_Name=19:48284813-48285362; Enhancer=NA; DHS=NA; DMR=CDMR,450K_hg19,TRUE,TRUE,NA,NA,NA,NA,NA,NA,NA,NA,NA,NA,NA,NA,NA,NA,A,Yes — SELENOW was reported as altered in human NAFLD liver using GEO-derived human liver data.,No direct human fibrosis-specific SELENOW validation identified.,Yes — SelW loss alleviated HFD-induced hepatic steatosis and altered inflammatory/metabolic pathways in mice.,No fibrosis-focused causal study identified.,"Yes — links to hepatic redox biology, metabolic reprogramming, mitochondrial ROS and inflammatory signaling.","Direct gene annotation (SELENOW 3'UTR). Disease evidence is gene-level, not proof that methylation at cg07953015 controls SELENOW expression.",https://pubmed.ncbi.nlm.nih.gov/38460355/,NA,NA,"SELENOW has direct NAFLD-specific experimental evidence and human-liver transcriptomic support. The 2024 study links SelW to metabolic reprogramming, mitochondrial ROS, pyroptosis and macrophage cGAS-STING signaling. This provides unusually direct biological context for a high-ranked CpG, although no methylation-to-expression link for cg07953015 has been demonstrated.",1,TRUE,"Selected because it combines statistical rank 3, strict-subset membership, direct gene annotation and direct NAFLD-specific experimental/human-liver evidence.",SEPW1 / current: SELENOW,Interpretation priority 1,SELENOW
4,cg09742465,113.687426381186,4,4,0,0,4,6,Ahrens;Horvath;Johnson;ITEN;Murphy;VanDijck,6.29957189135496e-47,46.20068896348922,0.1339103483610672,33.06111786512864,0,advanced_vs_nonadvanced,-0.12500378674233795,lower methylation in case/higher stage,"advanced_vs_nonadvanced: -0.125, FDR=6.30e-47, I2=0.0 | disease_vs_healthy: -0.134, FDR=7.48e-25, I2=40.4 | fibrosis_vs_nonfibrosis: -0.123, FDR=3.96e-41, I2=0.0 | progression_score: -0.097, FDR=3.88e-04, I2=91.8",binary_healthy_vs_disease_no_healthy_obese;disease_group_3_no_healthy_obese;disease_group_4_no_healthy_obese,binary_healthy_vs_disease_no_healthy_obese_cpg_only_loso;disease_group_3_no_healthy_obese_cpg_only_loso;disease_group_4_no_healthy_obese_cpg_only_loso,stage_and_binary_all5,5,TRUE,1.639720208997426,FALSE,0.42648608941093,0.1890665487769364,0.2605630331735098,5,none,FALSE,tier1_consistent_low_dataset_signal,TRUE,1,NA,NA,NA,NA,NA,chr2,8618154,8618154,-,NA,NA,NA,OpenSea,NA,2:8617671-8618390,Promoter_Associated,TRUE,NA,NA,NA,NA,Regulatory_Feature_Group=Promoter_Associated; Regulatory_Feature_Name=2:8617671-8618390; Enhancer=TRUE; DHS=NA; DMR=NA,450K_hg19,TRUE,TRUE,NA,NA,NA,NA,NA,NA,LINC00299,339789,ENST00000764356.1_2,chr2,8628384,-,10229,downstream,U,No CpG- or LINC00299-specific human MASLD evidence identified.,No human liver-fibrosis evidence identified.,No experimental MASLD evidence identified.,No experimental liver-fibrosis evidence identified.,No convincing hepatic-metabolism evidence assigned.,"Intergenic enhancer ~10.2 kb from LINC00299. Literature for LINC00299 is mainly outside liver disease, and no regulatory link from this CpG to LINC00299 was identified.",NA,NA,NA,"Despite statistical rank 4 and strict-subset membership, the locus remains biologically unresolved in the MASLD/liver context.",NA,FALSE,Not selected for the interpretation panel because biological assignment is unresolved and two even higher-ranked unresolved loci were already retained to represent discovery-oriented signals.,intergenic/no-gene; near LINC00299,NA,intergenic/no-gene
5,cg08928408,108.7702700256975,4,4,0,0,4,6,Ahrens;Horvath;Johnson;ITEN;Murphy;VanDijck,3.5812472605171675e-46,45.44596569290291,0.17208621330490811,40.83811918669092,0,advanced_vs_nonadvanced,-0.17208621330490811,lower methylation in case/higher stage,"advanced_vs_nonadvanced: -0.172, FDR=3.58e-46, I2=0.0 | disease_vs_healthy: -0.157, FDR=2.42e-30, I2=18.0 | fibrosis_vs_nonfibrosis: -0.129, FDR=1.39e-03, I2=59.2 | progression_score: -0.110, FDR=2.46e-05, I2=86.1",disease_group_3;disease_group_3_no_healthy_obese;disease_group_4;disease_group_4_no_healthy_obese;disease_group_5_obesity_split,disease_group_3_cpg_only_loso;disease_group_3_no_healthy_obese_cpg_only_loso;disease_group_4_cpg_only_loso;disease_group_4_no_healthy_obese_cpg_only_loso;disease_group_5_obesity_split_cpg_only_loso,stage_replicated_all5,6,TRUE,0.4181593280762931,FALSE,0.3787644143476635,0.205117883593102,0.2447690190707313,3,none,FALSE,tier1_consistent_low_dataset_signal,FALSE,1,NA,NA,NA,NA,NA,chr3,149454106,149454106,-,NA,NA,NA,OpenSea,NA,NA,NA,TRUE,NA,NA,NA,NA,Regulatory_Feature_Group=NA; Regulatory_Feature_Name=NA; Enhancer=TRUE; DHS=NA; DMR=NA,450K_hg19,TRUE,TRUE,NA,NA,NA,NA,NA,NA,WWTR1,25937,ENST00000474080.1_3,chr3,149454501,-,394,downstream,C,Adjacent-gene context only — WWTR1/TAZ is markedly increased in hepatocytes in human NASH compared with normal/steatotic liver.,Adjacent-gene context only — human NASH liver showed TAZ elevation; fibrosis causality is supported primarily by experimental models.,"Yes for adjacent WWTR1 — hepatocyte TAZ silencing prevented/reversed NASH inflammation and fibrosis, whereas TAZ expression promoted NASH features in mice.","Yes for adjacent WWTR1 — multiple NASH models, including hepatocyte-humanized mice, support a causal profibrotic TAZ pathway.",Yes for adjacent WWTR1 — mechanistically links hepatocyte stress to IHH-dependent hepatic stellate-cell activation.,"Intergenic enhancer 394 bp from the WWTR1 TSS. The disease evidence is exceptionally strong for WWTR1, but no direct evidence links cg08928408 methylation to WWTR1 expression or function.",https://pubmed.ncbi.nlm.nih.gov/28068223/,https://pubmed.ncbi.nlm.nih.gov/31497743/,https://pubmed.ncbi.nlm.nih.gov/38144682/,"WWTR1/TAZ is one of the strongest MASLD/MASH-fibrosis genes near any intergenic Top-30 locus. Because cg08928408 lies only 394 bp from its TSS and is enhancer-annotated, the neighborhood is biologically notable; nevertheless, the CpG must be described as 'near WWTR1', not as a WWTR1 regulatory CpG.",4,TRUE,"Selected because of statistical rank 5 and unusually close proximity to a gene with strong human and causal MASH-fibrosis evidence, while explicitly preserving the unresolved CpG-to-gene link.",intergenic/no-gene; near WWTR1,Interpretation priority 4,intergenic; WWTR1-proximal
6,cg24680129,108.742850051706,4,4,0,0,4,6,Ahrens;Horvath;Johnson;ITEN;Murphy;VanDijck,7.3117628799664955e-40,39.13597790118997,0.1195908419565664,33.046689582539855,0.23633904644844492,disease_vs_healthy,-0.1195908419565664,lower methylation in case/higher stage,"advanced_vs_nonadvanced: -0.098, FDR=1.90e-07, I2=33.8 | disease_vs_healthy: -0.120, FDR=7.31e-40, I2=0.2 | fibrosis_vs_nonfibrosis: -0.117, FDR=2.45e-10, I2=12.5 | progression_score: -0.083, FDR=6.88e-04, I2=85.7",binary_healthy_vs_disease;disease_group_3;disease_group_4,binary_healthy_vs_disease_cpg_only_loso;disease_group_3_cpg_only_loso;disease_group_4_cpg_only_loso,stage_and_binary_all5,5,TRUE,0.9247557701076388,FALSE,0.32427589103995114,0.1694764341234332,0.1935954780318743,5,none,FALSE,tier1_consistent_low_dataset_signal,TRUE,1,NA,NA,NA,NA,NA,chr12,13318625,13318625,-,NA,NA,NA,OpenSea,NA,12:13318412-13318944,Unclassified_Cell_type_specific,TRUE,TRUE,NA,NA,NA,Regulatory_Feature_Group=Unclassified_Cell_type_specific; Regulatory_Feature_Name=12:13318412-13318944; Enhancer=TRUE; DHS=TRUE; DMR=NA,450K_hg19,TRUE,TRUE,NA,NA,NA,NA,NA,NA,EMP1,2012,ENST00000431267.2_1,chr12,13349657,+,31031,upstream,C,Adjacent-gene context only — EMP1 is elevated in human NASH/advanced fibrotic liver datasets and was validated in human MASLD donor-liver work.,Adjacent-gene context only — EMP1 is reported in human fibrotic liver/HSC signatures.,"Adjacent-gene context only — EMP1 has mechanistic MASLD-IRI/HSC evidence, but this is not evidence for cg24680129.",Adjacent-gene context only — EMP1 is linked to HSC activation and fibrosis in experimental systems.,Potentially relevant through HSC activation rather than hepatocyte metabolism.,Intergenic enhancer/DHS ~31 kb from the EMP1 TSS. Strong EMP1 liver evidence does not establish a regulatory connection to this CpG.,https://pubmed.ncbi.nlm.nih.gov/37008256/,https://pubmed.ncbi.nlm.nih.gov/41284206/,NA,"EMP1 is biologically compelling for hepatic stellate-cell activation and fibrosis, including NASH/MASLD contexts, but the candidate CpG is ~31 kb from EMP1. This distance and absence of CpG-specific regulatory evidence substantially weaken locus-level interpretation.",NA,FALSE,Not selected despite statistical rank 6 because the appealing biology belongs to a relatively distant nearest gene and the CpG-to-EMP1 link is unvalidated.,intergenic/no-gene; near EMP1,NA,intergenic/no-gene
7,cg05099464,107.46226113266084,4,4,0,0,4,6,Ahrens;Horvath;Johnson;ITEN;Murphy;VanDijck,4.1436897817863416e-93,92.38261276559425,0.25158606275130646,50.7547773467835,0,disease_vs_healthy,-0.22279254891881825,lower methylation in case/higher stage,"advanced_vs_nonadvanced: -0.252, FDR=8.44e-10, I2=70.1 | disease_vs_healthy: -0.223, FDR=4.14e-93, I2=0.0 | fibrosis_vs_nonfibrosis: -0.212, FDR=7.01e-06, I2=47.5 | progression_score: -0.147, FDR=3.75e-06, I2=85.4",disease_group_3_no_healthy_obese,disease_group_3_no_healthy_obese_cpg_only_loso,stable_secondary,5,TRUE,0.1723541424296006,FALSE,0.4010563387108382,0.12264347752212848,0.3570455932440795,1,high_heterogeneity,FALSE,tier1_consistent_low_dataset_signal,FALSE,1,ARHGEF12,ARHGEF12,ARHGEF12,ARHGEF12;LARG;PRO2792,org.Hs.eg.db:SYMBOL,chr11,120302922,120302922,+,Body,Body,NM_015313,OpenSea,NA,NA,NA,TRUE,TRUE,NA,NA,NA,Regulatory_Feature_Group=NA; Regulatory_Feature_Name=NA; Enhancer=TRUE; DHS=TRUE; DMR=NA,450K_hg19,TRUE,TRUE,NA,NA,NA,NA,NA,NA,NA,NA,NA,NA,NA,NA,NA,NA,B,No direct MASLD-specific ARHGEF12 study identified.,Yes — the LARG/ARHGEF12 pathway was examined in human cirrhotic liver and hepatic stellate-cell contraction/portal hypertension.,No direct MASLD model identified.,"Yes — cirrhotic mouse and HSC experiments support LARG-mediated RhoA signaling in HSC contraction, with long-term pathway inhibition ameliorating fibrosis/inflammation.",Indirect; relevant mainly to fibrogenic HSC signaling and contractility rather than lipid metabolism.,Direct gene-body annotation to ARHGEF12. Evidence is gene/pathway-level and does not establish a functional consequence of cg05099464 methylation.,https://pubmed.ncbi.nlm.nih.gov/33085791/,NA,NA,"ARHGEF12 (LARG) participates in Wnt/Gli1-dependent RhoA activation in hepatic stellate cells and cirrhotic portal hypertension, with supporting human liver and mouse/HSC experiments. The evidence is liver-fibrosis-specific but not MASLD-specific.",8,TRUE,"Selected because it is statistical rank 7, directly gene-annotated, and has mechanistic and human-liver support for a relevant hepatic stellate-cell/fibrosis pathway.",ARHGEF12 / current: ARHGEF12,Interpretation priority 8,ARHGEF12
8,cg22946219,107.20406433435691,4,4,0,0,4,6,Ahrens;Horvath;Johnson;ITEN;Murphy;VanDijck,2.2258980742442844e-65,64.65249472625771,0.12847691303489608,25.91871331286164,0,disease_vs_healthy,0.12655211526062063,higher methylation in case/higher stage,"advanced_vs_nonadvanced: +0.128, FDR=2.86e-55, I2=0.0 | disease_vs_healthy: +0.127, FDR=2.23e-65, I2=0.0 | fibrosis_vs_nonfibrosis: +0.115, FDR=6.90e-06, I2=21.5 | progression_score: +0.084, FDR=1.67e-04, I2=82.1",disease_group_3,disease_group_3_cpg_only_loso,stable_secondary,4,FALSE,0.2490370139755011,FALSE,0.30533656113769175,0.29533284618711036,0.19237271602184888,1,none,FALSE,tier1_consistent_low_dataset_signal,FALSE,1,RAI1,RAI1,RAI1,RAI1;SMCR;SMS,org.Hs.eg.db:SYMBOL,chr17,17714414,17714414,+,3'UTR,3'UTR,NM_030665,Island,chr17:17712911-17714456,NA,NA,TRUE,TRUE,NA,17:17654992-17655201,NA,Regulatory_Feature_Group=NA; Regulatory_Feature_Name=NA; Enhancer=TRUE; DHS=TRUE; DMR=NA,450K_hg19,TRUE,TRUE,NA,NA,NA,NA,NA,NA,NA,NA,NA,NA,NA,NA,NA,NA,D,No direct human MASLD/NAFLD liver evidence identified.,No direct human liver-fibrosis evidence identified.,No direct MASLD model identified.,No direct liver-fibrosis model identified.,"Indirect — human RAI1-haploinsufficient cells show altered lipid metabolism, lipid-droplet accumulation, defective autophagy, mitochondrial dysfunction and ROS.","Direct 3'UTR annotation to RAI1, but available evidence is systemic/cellular metabolic biology from Smith-Magenis syndrome rather than liver disease.",https://pubmed.ncbi.nlm.nih.gov/36411275/,NA,NA,RAI1 provides a plausible metabolic/autophagy context but currently lacks direct hepatic MASLD or fibrosis evidence. Its relevance should therefore be presented as indirect rather than liver-specific.,13,TRUE,"Selected because it is a high statistical rank (8), directly annotated to RAI1 and has reproducible lipid/autophagy/mitochondrial biology, while being clearly labeled as indirect MASLD evidence.",RAI1 / current: RAI1,Interpretation priority 13,RAI1
9,cg13175329,106.57064613221632,4,4,0,0,4,6,Ahrens;Horvath;Johnson;ITEN;Murphy;VanDijck,3.0612672054001446e-79,78.51409876097239,0.1596743037920233,38.58707735567381,0,advanced_vs_nonadvanced,-0.1596743037920233,lower methylation in case/higher stage,"advanced_vs_nonadvanced: -0.160, FDR=3.06e-79, I2=0.0 | disease_vs_healthy: -0.091, FDR=5.94e-03, I2=85.5 | fibrosis_vs_nonfibrosis: -0.158, FDR=1.62e-72, I2=0.0 | progression_score: -0.077, FDR=4.17e-07, I2=68.9",disease_group_4,disease_group_4_cpg_only_loso,stable_secondary,4,FALSE,0.16865315665049324,FALSE,0.33664483451307664,0.16421889047266497,0.27255625419581647,1,none,FALSE,tier1_consistent_low_dataset_signal,FALSE,1,NA,NA,NA,NA,NA,chr6,25035073,25035073,-,NA,NA,NA,OpenSea,NA,6:25034720-25035074,Unclassified,TRUE,NA,NA,NA,NA,Regulatory_Feature_Group=Unclassified; Regulatory_Feature_Name=6:25034720-25035074; Enhancer=TRUE; DHS=NA; DMR=NA,450K_hg19,TRUE,TRUE,NA,NA,NA,NA,NA,NA,LOC102724765,102724765,ENST00000762192.1_1,chr6,25036303,-,1229,downstream,U,No convincing MASLD evidence identified for the intergenic locus or nearest LOC102724765.,No convincing liver-fibrosis evidence identified.,No direct experimental MASLD evidence identified.,No direct experimental fibrosis evidence identified.,No convincing hepatic-metabolism evidence assigned.,Intergenic enhancer ~1.2 kb from an uncharacterized LOC transcript; no functional locus-to-gene evidence identified.,NA,NA,NA,Strong statistical signal but currently lacks an interpretable gene or disease-specific biological context.,NA,FALSE,Not selected because the locus is biologically unresolved despite statistical rank 9.,intergenic/no-gene; near LOC102724765,NA,intergenic/no-gene
10,cg06974428,105.38806614605734,4,4,0,0,4,6,Ahrens;Horvath;Johnson;ITEN;Murphy;VanDijck,3.2602906984842676e-91,90.48674367504891,0.21476619544297396,62.23867707885327,0,advanced_vs_nonadvanced,-0.21476619544297396,lower methylation in case/higher stage,"advanced_vs_nonadvanced: -0.215, FDR=3.26e-91, I2=0.0 | disease_vs_healthy: -0.114, FDR=1.00e-02, I2=89.2 | fibrosis_vs_nonfibrosis: -0.168, FDR=3.35e-03, I2=77.5 | progression_score: -0.102, FDR=4.52e-06, I2=82.2",disease_group_3_no_healthy_obese,disease_group_3_no_healthy_obese_cpg_only_loso,stable_secondary,4,FALSE,0.23926210826572333,FALSE,0.37839302846086864,0.06159515057128816,0.3540607831872749,1,high_heterogeneity,FALSE,tier1_consistent_low_dataset_signal,FALSE,1,PIP4K2A,PIP4K2A,PIP4K2A,PI5P4KA;PIP4K2A;PIP5K2A;PIP5KII-alpha;PIP5KIIA;PIPK,org.Hs.eg.db:SYMBOL,chr10,22972299,22972299,-,Body,Body,NM_005028,OpenSea,NA,10:22972157-22972556,Unclassified,TRUE,NA,NA,NA,NA,Regulatory_Feature_Group=Unclassified; Regulatory_Feature_Name=10:22972157-22972556; Enhancer=TRUE; DHS=NA; DMR=NA,450K_hg19,TRUE,TRUE,NA,NA,NA,NA,NA,NA,NA,NA,NA,NA,NA,NA,NA,NA,C,No direct human MASLD association for PIP4K2A identified.,No direct human liver-fibrosis evidence identified.,Indirect experimental metabolic-liver evidence — liver-specific Pip4k2a/Pip4k2b deletion causes hepatic lipid-droplet accumulation and defective autophagy during fasting.,No direct experimental liver-fibrosis evidence identified.,"Yes — strong mechanistic evidence for hepatic lipid handling, autophagy/lysosomal flux and phosphoinositide metabolism.",Direct PIP4K2A gene-body annotation. Evidence is hepatic metabolic mechanism rather than direct MASLD disease validation.,https://pubmed.ncbi.nlm.nih.gov/29727621/,NA,NA,"PIP4K2A is biologically plausible through hepatic phosphoinositide signaling, autophagy and lipid-droplet homeostasis. Liver-specific knockout evidence is strong mechanistically, but a direct MASLD/fibrosis association has not been established.",10,TRUE,"Selected because of statistical rank 10, direct gene annotation, very strong cross-study signal and a coherent hepatic lipid/autophagy mechanism.",PIP4K2A / current: PIP4K2A,Interpretation priority 10,PIP4K2A
11,cg02246928,105.10900977445674,4,4,0,0,4,6,Ahrens;Horvath;Johnson;ITEN;Murphy;VanDijck,8.670818919696251e-36,35.06193988343385,0.11838557338454148,48.68696287893934,0,advanced_vs_nonadvanced,-0.11772581010658892,lower methylation in case/higher stage,"advanced_vs_nonadvanced: -0.118, FDR=8.67e-36, I2=0.0 | disease_vs_healthy: -0.118, FDR=6.21e-13, I2=54.1 | fibrosis_vs_nonfibrosis: -0.106, FDR=1.31e-03, I2=50.1 | progression_score: -0.092, FDR=4.60e-04, I2=90.6",binary_healthy_vs_disease_no_healthy_obese;disease_group_3;disease_group_3_no_healthy_obese;disease_group_4;disease_group_4_no_healthy_obese;disease_group_5_obesity_split,binary_healthy_vs_disease_no_healthy_obese_cpg_only_loso;disease_group_3_cpg_only_loso;disease_group_3_no_healthy_obese_cpg_only_loso;disease_group_4_cpg_only_loso;disease_group_4_no_healthy_obese_cpg_only_loso;disease_group_5_obesity_split_cpg_only_loso,stage_and_binary_all5,5,TRUE,0.8521665599635486,FALSE,0.3732759107273093,0.23334524429457812,0.22306912226819375,5,none,FALSE,tier1_consistent_low_dataset_signal,TRUE,1,NA,NA,NA,NA,NA,chr6,144586678,144586678,+,NA,NA,NA,OpenSea,NA,NA,NA,TRUE,NA,NA,NA,NA,Regulatory_Feature_Group=NA; Regulatory_Feature_Name=NA; Enhancer=TRUE; DHS=NA; DMR=NA,450K_hg19,TRUE,TRUE,NA,NA,NA,NA,NA,NA,UTRN,7402,ENST00000367545.8_4,chr6,144606471,+,19792,upstream,U,No CpG- or UTRN-specific human MASLD evidence identified.,No convincing UTRN-specific liver-fibrosis evidence identified.,No experimental MASLD evidence identified.,No experimental liver-fibrosis evidence identified.,No convincing hepatic-metabolism evidence assigned.,Intergenic enhancer ~19.8 kb from UTRN; no evidence links this CpG to UTRN regulation.,NA,NA,NA,The locus is a strict-subset signal but lacks a convincing liver/MASLD mechanistic annotation.,NA,FALSE,Not selected because the nearest-gene relationship is distant and biologically unsupported.,intergenic/no-gene; near UTRN,NA,intergenic/no-gene
12,cg21519787,103.27623325540652,4,3,1,0,3,6,Ahrens;Horvath;Johnson;ITEN;Murphy;VanDijck,1.876972597072709e-50,49.7265420678299,0.16064387990955678,50.646923841488345,0,advanced_vs_nonadvanced,0.16064387990955678,higher methylation in case/higher stage,"advanced_vs_nonadvanced: +0.161, FDR=1.88e-50, I2=0.0 | disease_vs_healthy: +0.108, FDR=1.22e-04, I2=78.7 | fibrosis_vs_nonfibrosis: +0.119, FDR=1.15e-02, I2=59.7 | progression_score: +0.078, FDR=5.07e-07, I2=64.2",disease_group_3;disease_group_3_no_healthy_obese;disease_group_4;disease_group_4_no_healthy_obese,disease_group_3_cpg_only_loso;disease_group_3_no_healthy_obese_cpg_only_loso;disease_group_4_cpg_only_loso;disease_group_4_no_healthy_obese_cpg_only_loso,stage_replicated_all5,5,TRUE,0.492968696633017,FALSE,0.27628011866723645,0.07196513738474306,0.2489347745041535,3,high_heterogeneity,FALSE,tier1_consistent_low_dataset_signal,FALSE,1,SPHK2,SPHK2,SPHK2,SK 2;SK-2;SPHK2;SPK 2;SPK-2,org.Hs.eg.db:SYMBOL,chr19,49133421,49133421,-,3'UTR,3'UTR,NM_020126,Island,chr19:49132603-49134291,19:49133377-49134426,Gene_Associated,NA,TRUE,RDMR,19:53824332-53825752,NA,Regulatory_Feature_Group=Gene_Associated; Regulatory_Feature_Name=19:49133377-49134426; Enhancer=NA; DHS=TRUE; DMR=RDMR,450K_hg19,TRUE,TRUE,NA,NA,NA,NA,NA,NA,NA,NA,NA,NA,NA,NA,NA,NA,A,Yes — reduced hepatic SPHK2 expression/protein has been reported in human MASH/MASLD liver.,Human fibrosis-specific causality is not established; MASH tissue evidence and experimental fibrosis support are available.,"Yes — SphK2 depletion worsened redox dysregulation, lipid accumulation and inflammation in diet-induced MASH; additional hepatocyte gain/loss studies support protection from steatosis.",Yes — SphK2 depletion increased fibrosis in a diet-induced MASH model.,"Yes — sphingolipid/redox metabolism, VLDL secretion, autophagy and ATGL-dependent triglyceride homeostasis.","Direct SPHK2 3'UTR annotation. Evidence is gene-level; no functional methylation-to-SPHK2 relationship for cg21519787 is established. Some pharmacologic/genetic literature is context-dependent, so directional claims should be cautious.",https://pubmed.ncbi.nlm.nih.gov/39773902/,https://pubmed.ncbi.nlm.nih.gov/40200091/,https://pubmed.ncbi.nlm.nih.gov/41804573/,"SPHK2 has direct human MASLD/MASH liver evidence and multiple mechanistic studies linking it to triglyceride handling, VLDL secretion, redox balance, inflammation and fibrosis. Across studies, gene function appears protective in several genetic models, although sphingolipid-pathway effects can be context dependent.",2,TRUE,"Selected because it combines direct gene annotation, strong statistical support and unusually broad, direct human and experimental MASLD/MASH evidence.",SPHK2 / current: SPHK2,Interpretation priority 2,SPHK2
13,cg07156249,102.1169951971038,4,4,0,0,4,6,Ahrens;Horvath;Johnson;ITEN;Murphy;VanDijck,8.562938906323175e-41,40.0673771545116,0.14689639820689915,58.6033762210862,9.790698210009351,advanced_vs_nonadvanced,-0.14689639820689915,lower methylation in case/higher stage,"advanced_vs_nonadvanced: -0.147, FDR=8.56e-41, I2=9.8 | disease_vs_healthy: -0.104, FDR=2.66e-05, I2=81.0 | fibrosis_vs_nonfibrosis: -0.112, FDR=1.88e-02, I2=70.0 | progression_score: -0.075, FDR=3.53e-07, I2=73.6",disease_group_4_no_healthy_obese,disease_group_4_no_healthy_obese_cpg_only_loso,stage_all5,5,TRUE,0.16174758620750845,FALSE,0.38963129721511447,0.21453526016878807,0.2862374033351289,2,high_heterogeneity,FALSE,tier1_consistent_low_dataset_signal,FALSE,1,PSMB9;PSMB9;TAP1,PSMB9;PSMB9;TAP1,PSMB9;TAP1,ABC17;ABCB2;APT1;beta1i;D6S114E;LMP2;MHC1D1;PRAAS3;PRAAS6;PSF-1;PSF1;PSMB6i;PSMB9;RING12;RING4;TAP1;TAP1*0102N;TAP1N,org.Hs.eg.db:SYMBOL,chr6,32822911,32822911,+,Body;Body;TSS1500,Body;Body;TSS1500,NM_002800;NM_148954;NM_000593,S_Shore,chr6:32820849-32822370,NA,NA,NA,NA,NA,NA,NA,Regulatory_Feature_Group=NA; Regulatory_Feature_Name=NA; Enhancer=NA; DHS=NA; DMR=NA,450K_hg19,TRUE,TRUE,NA,NA,NA,NA,NA,NA,NA,NA,NA,NA,NA,NA,NA,NA,A,No direct human MASLD evidence identified for this CpG; disease-specific evidence is experimental for TAP1.,No direct human liver-fibrosis evidence identified.,Yes for TAP1 — Tap1-deficient mice were protected from fructose-induced NAFLD/steatosis and insulin resistance.,No direct fibrosis-focused TAP1 study identified.,Indirect through hepatic immune/CD8-cell effects in fructose-induced fatty liver.,"Probe maps to PSMB9 gene body and TAP1 TSS1500. The direct NAFLD evidence pertains to TAP1, not PSMB9, and no methylation-to-expression relationship has been demonstrated.",https://pubmed.ncbi.nlm.nih.gov/23488792/,NA,NA,"The probe's TAP1 annotation provides direct experimental NAFLD context: Tap1 deficiency prevented fructose-induced steatosis and insulin resistance in mice. The result should not be generalized to PSMB9, despite the dual annotation.",5,TRUE,"Selected because it has direct probe-to-TAP1 annotation and experimental NAFLD evidence, in addition to statistical rank 13.",PSMB9;PSMB9;TAP1 / current: PSMB9;TAP1,Interpretation priority 5,PSMB9/TAP1
14,cg02033582,101.39311245598287,4,4,0,0,4,6,Ahrens;Horvath;Johnson;ITEN;Murphy;VanDijck,1.7815010724437968e-29,28.74921391187245,0.1523885878701629,34.626745646556564,0,advanced_vs_nonadvanced,-0.12014445616688114,lower methylation in case/higher stage,"advanced_vs_nonadvanced: -0.120, FDR=1.78e-29, I2=0.0 | disease_vs_healthy: -0.152, FDR=5.29e-15, I2=48.1 | fibrosis_vs_nonfibrosis: -0.119, FDR=1.52e-27, I2=0.0 | progression_score: -0.114, FDR=2.47e-04, I2=90.4",binary_healthy_vs_disease_no_healthy_obese;disease_group_3;disease_group_3_no_healthy_obese;disease_group_4;disease_group_4_no_healthy_obese;disease_group_5_obesity_split,binary_healthy_vs_disease_no_healthy_obese_cpg_only_loso;disease_group_3_cpg_only_loso;disease_group_3_no_healthy_obese_cpg_only_loso;disease_group_4_cpg_only_loso;disease_group_4_no_healthy_obese_cpg_only_loso;disease_group_5_obesity_split_cpg_only_loso,stage_and_binary_all5,6,TRUE,0.6649875567003355,FALSE,0.42605972085195304,0.3068902095729439,0.1971671702946296,5,none,FALSE,tier1_consistent_low_dataset_signal,TRUE,1,NA,NA,NA,NA,NA,chr17,29394814,29394814,-,NA,NA,NA,OpenSea,NA,NA,NA,TRUE,TRUE,NA,NA,NA,Regulatory_Feature_Group=NA; Regulatory_Feature_Name=NA; Enhancer=TRUE; DHS=TRUE; DMR=NA,450K_hg19,TRUE,TRUE,NA,NA,NA,NA,NA,NA,LOC646030,646030,ENST00000581652.1_10,chr17,29386139,-,8674,upstream,U,No convincing MASLD evidence identified for the locus or nearest LOC646030.,No convincing liver-fibrosis evidence identified.,No direct MASLD evidence identified.,No direct fibrosis evidence identified.,No convincing hepatic-metabolism evidence assigned.,Intergenic enhancer/DHS ~8.7 kb from an uncharacterized LOC transcript; no functional mapping evidence identified.,NA,NA,NA,Strict-subset candidate with strong statistics but currently unresolved biology.,NA,FALSE,Not selected because no reliable disease-relevant gene assignment or mechanistic context was identified.,intergenic/no-gene; near LOC646030,NA,intergenic/no-gene
15,cg18680181,101.08594546783748,4,4,0,0,4,6,Ahrens;Horvath;Johnson;ITEN;Murphy;VanDijck,2.537356381324136e-29,28.595618530187537,0.13349822703205114,38.61975006587561,0.33419878202734654,advanced_vs_nonadvanced,-0.11797932090530648,lower methylation in case/higher stage,"advanced_vs_nonadvanced: -0.118, FDR=2.54e-29, I2=0.3 | disease_vs_healthy: -0.133, FDR=2.06e-12, I2=46.4 | fibrosis_vs_nonfibrosis: -0.105, FDR=1.45e-05, I2=21.7 | progression_score: -0.089, FDR=9.41e-04, I2=86.0",binary_healthy_vs_disease;binary_healthy_vs_disease_no_healthy_obese;disease_group_3;disease_group_3_no_healthy_obese;disease_group_4;disease_group_4_no_healthy_obese;disease_group_5_obesity_split,binary_healthy_vs_disease_cpg_only_loso;binary_healthy_vs_disease_no_healthy_obese_cpg_only_loso;disease_group_3_cpg_only_loso;disease_group_3_no_healthy_obese_cpg_only_loso;disease_group_4_cpg_only_loso;disease_group_4_no_healthy_obese_cpg_only_loso;disease_group_5_obesity_split_cpg_only_loso,stage_and_binary_all5,6,TRUE,0.7344828648348208,FALSE,0.3265174492924324,0.21983542646052096,0.1933659033253312,5,none,FALSE,tier1_consistent_low_dataset_signal,TRUE,1,KIAA0391,KIAA0391,PRORP,COXPD54;KIAA0391;MRPP3;PRORP,org.Hs.eg.db:ALIAS,chr14,35629311,35629311,-,Body,Body,NM_014672,OpenSea,NA,14:35629131-35629455,Unclassified_Cell_type_specific,TRUE,TRUE,NA,NA,NA,Regulatory_Feature_Group=Unclassified_Cell_type_specific; Regulatory_Feature_Name=14:35629131-35629455; Enhancer=TRUE; DHS=TRUE; DMR=NA,450K_hg19,TRUE,TRUE,NA,NA,NA,NA,NA,NA,NA,NA,NA,NA,NA,NA,NA,NA,D,No direct PRORP/MRPP3 human MASLD evidence identified.,No direct human liver-fibrosis evidence identified.,No direct MASLD model identified.,No direct liver-fibrosis model identified.,Indirect — PRORP is an essential mitochondrial RNase P subunit required for mitochondrial tRNA processing and mitochondrial gene expression.,Direct PRORP gene-body annotation. Mitochondrial relevance is general and should not be treated as liver/MASLD-specific evidence.,https://pubmed.ncbi.nlm.nih.gov/34715011/,NA,NA,"PRORP (formerly KIAA0391/MRPP3) has a well-established mitochondrial RNA-processing function, but targeted literature review did not identify direct MASLD or liver-fibrosis evidence. Its biological plausibility is therefore broad rather than disease-specific.",NA,FALSE,"Not selected for the interpretation panel because disease-specific biological evidence was weaker than for other directly annotated candidates, despite strict-subset status and statistical rank 15.",KIAA0391 / current: PRORP,NA,PRORP
16,cg10732871,100.09324588428052,4,4,0,0,4,6,Ahrens;Horvath;Johnson;ITEN;Murphy;VanDijck,3.522297921022463e-43,42.453173913563475,0.1873733638256028,62.479517104278,21.646552112662548,advanced_vs_nonadvanced,-0.1873733638256028,lower methylation in case/higher stage,"advanced_vs_nonadvanced: -0.187, FDR=3.52e-43, I2=21.6 | disease_vs_healthy: -0.146, FDR=3.16e-09, I2=71.2 | fibrosis_vs_nonfibrosis: -0.131, FDR=3.79e-02, I2=78.6 | progression_score: -0.099, FDR=5.69e-08, I2=78.5",disease_group_5_obesity_split,disease_group_5_obesity_split_cpg_only_loso,stable_secondary,4,FALSE,0.2962370529812051,FALSE,0.3935854094432451,0.14654331951601343,0.35562300451981776,1,high_heterogeneity,FALSE,tier1_consistent_low_dataset_signal,FALSE,1,GPX4;GPX4,GPX4;GPX4,GPX4,GPx-4;GPX4;GSHPx-4;MCSP;PHGPx;SMDS;snGPx;snPHGPx,org.Hs.eg.db:SYMBOL,chr19,1102675,1102675,+,TSS1500;TSS1500,TSS1500;TSS1500,NM_002085;NM_001039847,N_Shore,chr19:1103722-1105758,19:1102583-1103017,Unclassified_Cell_type_specific,NA,TRUE,NA,NA,NA,Regulatory_Feature_Group=Unclassified_Cell_type_specific; Regulatory_Feature_Name=19:1102583-1103017; Enhancer=NA; DHS=TRUE; DMR=NA,450K_hg19,TRUE,TRUE,NA,NA,NA,NA,NA,NA,NA,NA,NA,NA,NA,NA,NA,NA,A,Yes — human MAFLD/MASLD liver studies report ferroptosis activation and GPX4 dysregulation; biopsy-proven MASLD data also link low GPX4/ferroptosis signatures to disease subgroups.,"Human fibrosis-specific GPX4 causality is not established, although human MASLD studies include more advanced disease states.",Yes — multiple HFFD/MCD/CDAHFD and hepatocyte experiments directly manipulate GPX4/ferroptosis in fatty liver disease.,Yes — GPX4 isoform manipulation affected steatohepatitis/fibrosis in mouse MAFLD models; ferroptosis biology is cell- and isoform-dependent.,Yes — central regulator of glutathione-dependent lipid-peroxide detoxification and ferroptosis.,"Direct GPX4 TSS1500 annotation. Disease evidence is strong at gene/pathway level, but cg10732871 methylation has not been shown to regulate GPX4 expression. GPX4 effects are context/isoform/cell-type dependent.",https://pubmed.ncbi.nlm.nih.gov/36176906/,https://pubmed.ncbi.nlm.nih.gov/39060422/,NA,"GPX4 remains one of the most biologically interpretable candidates because it directly connects the methylation signal to ferroptosis and lipid-peroxidation biology in human and experimental MASLD. Mechanistic direction should be described carefully because canonical and inducible GPX4 isoforms, and different liver cell types, can have different effects.",3,TRUE,"Selected because of direct gene annotation and strong human plus experimental MASLD evidence for GPX4/ferroptosis, despite statistical rank 16 and moderate heterogeneity across contrasts.",GPX4;GPX4 / current: GPX4,Interpretation priority 3,GPX4
17,cg20303075,99.34459120619302,4,3,1,0,4,6,Ahrens;Horvath;Johnson;ITEN;Murphy;VanDijck,1.077321028249925e-40,39.96765486306917,0.1284622973762704,52.655343959107995,0,advanced_vs_nonadvanced,-0.1284622973762704,lower methylation in case/higher stage,"advanced_vs_nonadvanced: -0.128, FDR=1.08e-40, I2=0.0 | disease_vs_healthy: -0.098, FDR=2.38e-06, I2=66.3 | fibrosis_vs_nonfibrosis: -0.088, FDR=8.46e-02, I2=70.7 | progression_score: -0.067, FDR=2.83e-05, I2=73.7",disease_group_3;disease_group_4;disease_group_4_no_healthy_obese;disease_group_5_obesity_split,disease_group_3_cpg_only_loso;disease_group_4_cpg_only_loso;disease_group_4_no_healthy_obese_cpg_only_loso;disease_group_5_obesity_split_cpg_only_loso,stage_replicated_all5,5,TRUE,0.5081005365386838,FALSE,0.3708854192782847,0.2564666392318511,0.1900530747539144,3,high_heterogeneity,FALSE,tier1_consistent_low_dataset_signal,FALSE,1,NA,NA,NA,NA,NA,chr8,80804323,80804323,+,NA,NA,NA,Island,chr8:80803688-80804324,NA,NA,NA,NA,NA,NA,NA,Regulatory_Feature_Group=NA; Regulatory_Feature_Name=NA; Enhancer=NA; DHS=NA; DMR=NA,450K_hg19,TRUE,TRUE,NA,NA,NA,NA,NA,NA,LOC101927040,101927040,ENST00000777913.1_1,chr8,80784019,-,20303,upstream,U,No convincing MASLD evidence identified for the locus or nearest LOC101927040.,No convincing liver-fibrosis evidence identified.,No direct MASLD evidence identified.,No direct fibrosis evidence identified.,No convincing hepatic-metabolism evidence assigned.,Intergenic CpG-island locus ~20.3 kb from an uncharacterized LOC transcript; no functional mapping evidence identified.,NA,NA,NA,Strong statistical candidate but biologically unresolved.,NA,FALSE,Not selected because no disease-relevant gene or regulatory assignment was established.,intergenic/no-gene; near LOC101927040,NA,intergenic/no-gene
18,cg26027052,98.13613976800411,4,4,0,0,4,6,Ahrens;Horvath;Johnson;ITEN;Murphy;VanDijck,6.764803215826755e-40,39.169744832255354,0.14769842857449386,55.65363229149255,9.415016426242955,disease_vs_healthy,-0.1439865778731744,lower methylation in case/higher stage,"advanced_vs_nonadvanced: -0.148, FDR=1.00e-07, I2=59.6 | disease_vs_healthy: -0.144, FDR=6.76e-40, I2=9.4 | fibrosis_vs_nonfibrosis: -0.130, FDR=2.03e-03, I2=62.1 | progression_score: -0.104, FDR=2.96e-04, I2=91.5",disease_group_3_no_healthy_obese,disease_group_3_no_healthy_obese_cpg_only_loso,stable_secondary,4,FALSE,0.435955811101154,FALSE,0.3143759165410431,0.14559276070179494,0.2619665353528448,1,high_heterogeneity,FALSE,tier1_consistent_low_dataset_signal,FALSE,1,NA,NA,NA,NA,NA,chr6,36821364,36821364,-,NA,NA,NA,OpenSea,NA,NA,NA,TRUE,NA,NA,NA,NA,Regulatory_Feature_Group=NA; Regulatory_Feature_Name=NA; Enhancer=TRUE; DHS=NA; DMR=NA,450K_hg19,TRUE,TRUE,NA,NA,NA,NA,NA,NA,PPIL1,51645,ENST00000483552.1_3,chr6,36826411,-,5046,downstream,U,No CpG-specific or PPIL1-specific MASLD evidence identified.,No PPIL1-specific liver-fibrosis evidence identified.,No direct MASLD model identified.,No direct fibrosis model identified.,No convincing hepatic-metabolism evidence assigned.,Intergenic enhancer ~5.0 kb from PPIL1. PPIL1 literature found in liver cancer is not evidence for MASLD/fibrosis and does not establish regulation by this CpG.,NA,NA,NA,The nearest-gene context is dominated by HCC studies and is insufficient for MASLD interpretation.,NA,FALSE,Not selected because the locus-to-PPIL1 relationship is unvalidated and available liver evidence is cancer-specific rather than MASLD/fibrosis-specific.,intergenic/no-gene; near PPIL1,NA,intergenic/no-gene
19,cg00225623,97.94170850037204,4,3,1,0,3,6,Ahrens;Horvath;Johnson;ITEN;Murphy;VanDijck,8.55689230511968e-51,50.06768393389672,0.17478478016110924,51.16582999255913,0,fibrosis_vs_nonfibrosis,-0.1521123309987829,lower methylation in case/higher stage,"advanced_vs_nonadvanced: -0.175, FDR=1.45e-14, I2=44.7 | disease_vs_healthy: -0.099, FDR=2.90e-03, I2=79.0 | fibrosis_vs_nonfibrosis: -0.152, FDR=8.56e-51, I2=0.0 | progression_score: -0.088, FDR=2.13e-04, I2=81.0",disease_group_3;disease_group_5_obesity_split,disease_group_3_cpg_only_loso;disease_group_5_obesity_split_cpg_only_loso,stable_secondary,4,FALSE,0.6530958826440758,FALSE,0.29761193549969284,0.17322603837447434,0.25046547318531287,1,high_heterogeneity,FALSE,tier1_consistent_low_dataset_signal,FALSE,1,SPATA13;SPATA13,SPATA13;SPATA13,SPATA13,ARHGEF29;ASEF2;SPATA13,org.Hs.eg.db:SYMBOL,chr13,24845891,24845891,-,Body;Body,Body;Body,NM_001166271;NM_153023,OpenSea,NA,13:24845791-24846428,Promoter_Associated,TRUE,TRUE,RDMR,NA,NA,Regulatory_Feature_Group=Promoter_Associated; Regulatory_Feature_Name=13:24845791-24846428; Enhancer=TRUE; DHS=TRUE; DMR=RDMR,450K_hg19,TRUE,TRUE,NA,NA,NA,NA,NA,NA,NA,NA,NA,NA,NA,NA,NA,NA,D,No direct human MASLD evidence identified.,No direct human liver-fibrosis evidence identified.,No direct MASLD model identified.,No hepatic fibrosis model identified; SPATA13 has a mechanistic fibroblast/TGF-beta role in a non-hepatic fibrosis model.,No specific hepatic-metabolism evidence identified.,"Direct SPATA13 gene-body annotation. Available biology concerns RhoGEF-dependent migration and non-hepatic fibroblast activation, not liver disease.",https://pubmed.ncbi.nlm.nih.gov/19151759/,https://pubmed.ncbi.nlm.nih.gov/42261590/,NA,SPATA13/ASEF2 regulates cytoskeletal organization and cell migration and has recent evidence in TGF-beta-dependent fibroblast activation outside the liver. This offers broad remodeling plausibility but no direct MASLD or hepatic-fibrosis support.,NA,FALSE,Not selected because evidence remains indirect and non-hepatic.,SPATA13;SPATA13 / current: SPATA13,NA,SPATA13
20,cg09072216,96.73241410092427,4,4,0,0,4,6,Ahrens;Horvath;Johnson;ITEN;Murphy;VanDijck,6.0146470304549914e-37,36.22078985414685,0.140762091980567,42.44277593957035,0,advanced_vs_nonadvanced,-0.140762091980567,lower methylation in case/higher stage,"advanced_vs_nonadvanced: -0.141, FDR=6.01e-37, I2=0.0 | disease_vs_healthy: -0.115, FDR=4.98e-11, I2=48.8 | fibrosis_vs_nonfibrosis: -0.118, FDR=3.71e-03, I2=52.6 | progression_score: -0.077, FDR=2.29e-06, I2=68.3",disease_group_3;disease_group_4,disease_group_3_cpg_only_loso;disease_group_4_cpg_only_loso,stable_secondary,6,FALSE,0.2744344892685374,FALSE,0.2552218871460468,0.1381807570229424,0.20710772247246367,1,none,TRUE,tier1_consistent_low_dataset_signal,FALSE,1,SPG20;SPG20;SPG20;SPG20,SPG20;SPG20;SPG20;SPG20,SPART,SPART;SPG20;TAHCCP1,org.Hs.eg.db:ALIAS,chr13,36919344,36919344,-,5'UTR;5'UTR;5'UTR;5'UTR,5'UTR;5'UTR;5'UTR;5'UTR,NM_001142296;NM_001142294;NM_015087;NM_001142295,N_Shore,chr13:36919737-36921004,NA,NA,NA,NA,CDMR,13:35817334-35817410,NA,Regulatory_Feature_Group=NA; Regulatory_Feature_Name=NA; Enhancer=NA; DHS=NA; DMR=CDMR,450K_hg19,TRUE,TRUE,rs9547375,0.306746,NA,NA,NA,NA,NA,NA,NA,NA,NA,NA,NA,NA,C,No direct human MASLD association for SPART identified.,No direct human liver-fibrosis evidence identified.,No direct MASLD model identified.,No direct liver-fibrosis model identified.,Yes — SPART/spartin is a lipid-droplet lipophagy receptor required for lysosomal delivery and triglyceride mobilization and also has lipid-transfer activity in lipid-droplet turnover.,Direct 5'UTR annotation to SPART (formerly SPG20). Mechanistic evidence is strong for lipid-droplet biology but not liver/MASLD-specific.,https://pubmed.ncbi.nlm.nih.gov/37443287/,https://pubmed.ncbi.nlm.nih.gov/38190532/,NA,"SPART provides a coherent mechanistic link to lipid-droplet turnover and lipophagy, processes central to hepatic steatosis, but current evidence is not liver-specific. It should therefore be framed as mechanistic plausibility rather than an established MASLD gene.",11,TRUE,"Selected because direct gene annotation and strong lipid-droplet/lipophagy biology provide a plausible mechanistic bridge to steatosis, alongside statistical rank 20.",SPG20;SPG20;SPG20;SPG20 / current: SPART,Interpretation priority 11,SPART
21,cg25305879,96.627813305566,4,4,0,0,4,6,Ahrens;Horvath;Johnson;ITEN;Murphy;VanDijck,5.09629895402733e-28,27.29274510377391,0.09654719603603844,29.542165341514888,0,disease_vs_healthy,-0.08683187512064211,lower methylation in case/higher stage,"advanced_vs_nonadvanced: -0.097, FDR=3.37e-07, I2=31.0 | disease_vs_healthy: -0.087, FDR=5.10e-28, I2=0.0 | fibrosis_vs_nonfibrosis: -0.078, FDR=1.81e-14, I2=0.0 | progression_score: -0.074, FDR=2.00e-04, I2=87.2",disease_group_3_no_healthy_obese;disease_group_4_no_healthy_obese,disease_group_3_no_healthy_obese_cpg_only_loso;disease_group_4_no_healthy_obese_cpg_only_loso,stage_replicated_all5,5,TRUE,0.2788307376375865,FALSE,0.39157329729356966,0.3280171057571276,0.13619720470314672,3,none,FALSE,tier1_consistent_low_dataset_signal,FALSE,1,NA,NA,NA,NA,NA,chr2,106814630,106814630,-,NA,NA,NA,S_Shelf,chr2:106809942-106811175,NA,NA,TRUE,TRUE,NA,NA,NA,Regulatory_Feature_Group=NA; Regulatory_Feature_Name=NA; Enhancer=TRUE; DHS=TRUE; DMR=NA,450K_hg19,TRUE,TRUE,NA,NA,NA,NA,NA,NA,UXS1,80146,ENST00000283148.12_8,chr2,106810757,-,3872,upstream,U,No CpG- or UXS1-specific MASLD evidence identified.,No convincing UXS1-specific liver-fibrosis evidence identified.,No direct MASLD model identified.,No direct fibrosis model identified.,No convincing hepatic-metabolism evidence assigned.,Intergenic enhancer/DHS ~3.9 kb from UXS1; no evidence links the CpG to UXS1 regulation. Cancer/ferroptosis reports for UXS1 are not sufficient MASLD evidence.,NA,NA,NA,Biologically unresolved in the MASLD/fibrosis context.,NA,FALSE,Not selected because nearest-gene evidence was not disease-specific and the CpG-to-gene link is unvalidated.,intergenic/no-gene; near UXS1,NA,intergenic/no-gene
22,cg16351569,95.40461359033318,3,3,0,0,3,6,Ahrens;Horvath;Johnson;ITEN;Murphy;VanDijck,1.1851112865675906e-65,64.92624086579488,0.1627848698619138,51.90772819333633,0,advanced_vs_nonadvanced,-0.1627848698619138,lower methylation in case/higher stage,"advanced_vs_nonadvanced: -0.163, FDR=1.19e-65, I2=0.0 | disease_vs_healthy: -0.109, FDR=3.35e-05, I2=82.2 | progression_score: -0.078, FDR=8.64e-07, I2=73.5",disease_group_3;disease_group_3_no_healthy_obese;disease_group_4;disease_group_4_no_healthy_obese;disease_group_5_obesity_split,disease_group_3_cpg_only_loso;disease_group_3_no_healthy_obese_cpg_only_loso;disease_group_4_cpg_only_loso;disease_group_4_no_healthy_obese_cpg_only_loso;disease_group_5_obesity_split_cpg_only_loso,stage_replicated_all5,6,TRUE,0.6499426370569805,FALSE,0.4018204983716507,0.26542793815804083,0.24107402010662576,3,high_heterogeneity,FALSE,tier1_consistent_low_dataset_signal,FALSE,1,NA,NA,NA,NA,NA,chr17,43448493,43448493,+,NA,NA,NA,N_Shore,chr17:43449054-43449286,17:43448424-43448541,Unclassified_Cell_type_specific,NA,NA,NA,NA,NA,Regulatory_Feature_Group=Unclassified_Cell_type_specific; Regulatory_Feature_Name=17:43448424-43448541; Enhancer=NA; DHS=NA; DMR=NA,450K_hg19,TRUE,TRUE,NA,NA,NA,NA,NA,NA,ARHGAP27,201176,ENST00000590026.1_3,chr17,43473274,-,24780,downstream,U,No CpG- or ARHGAP27-specific human MASLD evidence identified.,No convincing liver-fibrosis evidence identified.,No direct MASLD evidence identified.,No direct fibrosis evidence identified.,No convincing hepatic-metabolism evidence assigned.,Intergenic shore locus ~24.8 kb from ARHGAP27; no regulatory link identified.,NA,NA,NA,No relevant liver/MASLD biological support was identified in the targeted review.,NA,FALSE,Not selected because biological context remains unresolved.,intergenic/no-gene; near ARHGAP27,NA,intergenic/no-gene
23,cg13750566,94.9071514515027,4,4,0,0,4,6,Ahrens;Horvath;Johnson;ITEN;Murphy;VanDijck,7.232086580094475e-26,25.140736383274923,0.13161445222656343,33.82728033579484,0,advanced_vs_nonadvanced,0.13161445222656343,higher methylation in case/higher stage,"advanced_vs_nonadvanced: +0.132, FDR=7.23e-26, I2=0.0 | disease_vs_healthy: +0.103, FDR=4.73e-08, I2=60.3 | fibrosis_vs_nonfibrosis: +0.125, FDR=1.79e-09, I2=18.9 | progression_score: +0.067, FDR=4.81e-08, I2=56.2",disease_group_3;disease_group_4;disease_group_5_obesity_split,disease_group_3_cpg_only_loso;disease_group_4_cpg_only_loso;disease_group_5_obesity_split_cpg_only_loso,stage_replicated_all5,5,TRUE,1.1567115775151644,FALSE,0.23773903277824457,0.09565652367217846,0.22658065444643,3,none,TRUE,tier1_consistent_low_dataset_signal,FALSE,1,NA,NA,NA,NA,NA,chr9,92222745,92222745,-,NA,NA,NA,S_Shore,chr9:92219771-92221411,NA,NA,NA,NA,NA,NA,NA,Regulatory_Feature_Group=NA; Regulatory_Feature_Name=NA; Enhancer=NA; DHS=NA; DMR=NA,450K_hg19,TRUE,TRUE,rs61533250,0.026051,NA,NA,NA,NA,GADD45G,10912,ENST00000494726.1_1,chr9,92220007,+,2737,downstream,D,"Nearest-gene context only — GADD45G appears in recent MASLD differential-expression/diagnostic-gene analyses, but evidence is largely computational and not CpG-specific.",No convincing GADD45G-specific human fibrosis evidence identified.,Weak/indirect — GADD45G occurs in MASLD expression signatures; direct functional MASLD manipulation focused on other genes.,No direct liver-fibrosis model identified.,"General stress-response/metabolic-regulation plausibility, but not a demonstrated hepatic mechanism for this locus.",Intergenic shore locus ~2.7 kb from GADD45G. The CpG-to-GADD45G regulatory relationship is unproven; disease evidence for GADD45G is comparatively indirect.,https://pubmed.ncbi.nlm.nih.gov/41200186/,https://pubmed.ncbi.nlm.nih.gov/42137057/,NA,"Recent studies nominate GADD45G in MASLD expression signatures, but the evidence is primarily computational and the candidate CpG is intergenic. This is insufficient to treat cg13750566 as a GADD45G-associated MASLD marker.",NA,FALSE,Not selected because both the locus-to-gene assignment and the disease evidence are indirect.,intergenic/no-gene; near GADD45G,NA,intergenic/no-gene
24,cg02439266,94.46032279197472,4,4,0,0,4,6,Ahrens;Horvath;Johnson;ITEN;Murphy;VanDijck,6.1266103054985e-25,24.21277974290193,0.10546975737684625,29.77246056113268,0,disease_vs_healthy,0.10546975737684625,higher methylation in case/higher stage,"advanced_vs_nonadvanced: +0.099, FDR=2.83e-09, I2=15.5 | disease_vs_healthy: +0.105, FDR=6.13e-25, I2=0.0 | fibrosis_vs_nonfibrosis: +0.088, FDR=7.94e-03, I2=31.4 | progression_score: +0.065, FDR=7.97e-05, I2=72.2",disease_group_3;disease_group_4;disease_group_5_obesity_split,disease_group_3_cpg_only_loso;disease_group_4_cpg_only_loso;disease_group_5_obesity_split_cpg_only_loso,stage_replicated_all5,5,TRUE,0.3883477850207761,FALSE,0.1538756368811096,0.07645213762018933,0.1349787680884979,3,none,FALSE,tier1_consistent_low_dataset_signal,FALSE,1,HOXA3;HOXA3;HOXA3,HOXA3;HOXA3;HOXA3,HOXA3,HOX1;HOX1E;HOXA3,org.Hs.eg.db:SYMBOL,chr7,27150042,27150042,-,5'UTR;Body;Body,5'UTR;Body;Body,NM_153632;NM_153631;NM_030661,Island,chr7:27150030-27150418,NA,NA,TRUE,NA,NA,7:27116491-27116943,NA,Regulatory_Feature_Group=NA; Regulatory_Feature_Name=NA; Enhancer=TRUE; DHS=NA; DMR=NA,450K_hg19,TRUE,TRUE,NA,NA,NA,NA,NA,NA,NA,NA,NA,NA,NA,NA,NA,NA,U,No direct HOXA3 human MASLD evidence identified.,No direct HOXA3 human liver-fibrosis evidence identified.,No direct MASLD model identified.,No direct hepatic-fibrosis model identified.,No convincing hepatic-metabolism evidence assigned.,"Direct HOXA3 annotation, but targeted review did not identify disease-relevant hepatic evidence.",NA,NA,NA,"HOXA3 is a developmental transcription factor, but no sufficiently direct MASLD/liver-fibrosis evidence was identified for this interpretation workflow.",NA,FALSE,Not selected because direct disease-relevant biological support was not identified.,HOXA3;HOXA3;HOXA3 / current: HOXA3,NA,HOXA3
25,cg25792518,93.94050820585568,3,3,0,0,3,6,Ahrens;Horvath;Johnson;ITEN;Murphy;VanDijck,1.0529092598367929e-50,49.9776090548831,0.13490333650263198,40.87636265124936,0,advanced_vs_nonadvanced,0.13490333650263198,higher methylation in case/higher stage,"advanced_vs_nonadvanced: +0.135, FDR=1.05e-50, I2=0.0 | disease_vs_healthy: +0.112, FDR=5.11e-15, I2=43.7 | progression_score: +0.078, FDR=2.71e-06, I2=79.0",disease_group_4_no_healthy_obese,disease_group_4_no_healthy_obese_cpg_only_loso,stage_all5,5,TRUE,0.4056529990017337,FALSE,0.28626672621681987,0.08179983955396095,0.26447884076278916,2,none,FALSE,tier1_consistent_low_dataset_signal,FALSE,1,ACSF2;CHAD,ACSF2;CHAD,ACSF2;CHAD,ACSF2;ACSMW;AVYV493;CHAD;SLRR4A,org.Hs.eg.db:SYMBOL,chr17,48545950,48545950,-,Body;1stExon,Body;1stExon,NM_025149;NM_001267,Island,chr17:48545570-48546900,NA,NA,TRUE,NA,NA,17:45900609-45901921,NA,Regulatory_Feature_Group=NA; Regulatory_Feature_Name=NA; Enhancer=TRUE; DHS=NA; DMR=NA,450K_hg19,TRUE,TRUE,NA,NA,NA,NA,NA,NA,NA,NA,NA,NA,NA,NA,NA,NA,B,No direct human MASLD ACSF2 evidence identified.,No direct human fibrosis validation identified.,No direct MASLD model identified.,Yes — ACSF2 K179 acetylation promoted hepatic stellate-cell activation and altered long-chain fatty-acid metabolism in rat HSC experiments.,Yes — ACSF2 is directly implicated in long-chain fatty-acid/acyl-CoA metabolism in activated HSCs.,Probe maps to ACSF2 body and CHAD first exon. The liver-fibrosis evidence pertains specifically to ACSF2; no methylation-to-ACSF2 functional link for cg25792518 is established.,https://pubmed.ncbi.nlm.nih.gov/36028068/,NA,NA,"ACSF2 has direct mechanistic relevance to HSC activation and long-chain fatty-acid metabolism, providing a coherent liver-fibrosis context. Evidence is experimental rather than human MASLD-specific.",9,TRUE,Selected because direct ACSF2 annotation and mechanistic HSC/lipid evidence provide a strong liver-fibrosis interpretation for a statistically supported CpG.,ACSF2;CHAD / current: ACSF2;CHAD,Interpretation priority 9,ACSF2/CHAD
26,cg13052638,93.22658003250366,4,4,0,0,4,6,Ahrens;Horvath;Johnson;ITEN;Murphy;VanDijck,1.546576965750399e-19,18.810628462360473,0.16883633456969488,58.817197822973185,40.67644012780784,advanced_vs_nonadvanced,-0.16883633456969488,lower methylation in case/higher stage,"advanced_vs_nonadvanced: -0.169, FDR=1.55e-19, I2=40.7 | disease_vs_healthy: -0.144, FDR=4.63e-14, I2=61.4 | fibrosis_vs_nonfibrosis: -0.151, FDR=2.59e-05, I2=51.1 | progression_score: -0.098, FDR=2.93e-07, I2=82.1",binary_healthy_vs_disease;disease_group_3;disease_group_4,binary_healthy_vs_disease_cpg_only_loso;disease_group_3_cpg_only_loso;disease_group_4_cpg_only_loso,stage_and_binary_all5,5,TRUE,0.9661638043163094,FALSE,0.4271178868250825,0.15715435729519514,0.34230551032014356,5,high_heterogeneity,TRUE,tier1_consistent_low_dataset_signal,TRUE,1,NA,NA,NA,NA,NA,chr1,206677719,206677719,+,NA,NA,NA,N_Shelf,chr1:206680236-206681444,1:206677499-206677911,Unclassified_Cell_type_specific,NA,TRUE,NA,NA,NA,Regulatory_Feature_Group=Unclassified_Cell_type_specific; Regulatory_Feature_Name=1:206677499-206677911; Enhancer=NA; DHS=TRUE; DMR=NA,450K_hg19,TRUE,TRUE,rs6693843,0.418721,NA,NA,NA,NA,RASSF5,83593,ENST00000579436.7_4,chr1,206680864,+,3144,upstream,D,No direct MASLD evidence identified for the CpG or nearest RASSF5/NORE1B.,Nearest-gene context only — RASSF5/NORE1B methylation/silencing has been reported in fibrotic/cirrhotic human liver in an HCC-focused study.,No direct MASLD model identified.,No direct non-neoplastic liver-fibrosis mechanism identified.,No specific hepatic-metabolism evidence identified.,Intergenic DHS ~3.1 kb from RASSF5. Available evidence concerns tumor-suppressor methylation in cirrhotic/HCC liver and does not establish regulation by cg13052638.,https://pubmed.ncbi.nlm.nih.gov/16516329/,NA,NA,"The nearest-gene literature provides liver epigenetic context but is dominated by hepatocarcinogenesis, making it too indirect for a MASLD/fibrosis mechanism.",NA,FALSE,Not selected because nearest-gene evidence is cancer-oriented and the locus-to-RASSF5 connection is unvalidated.,intergenic/no-gene; near RASSF5,NA,intergenic/no-gene
27,cg04807036,90.72719830653756,3,3,0,0,3,6,Ahrens;Horvath;Johnson;ITEN;Murphy;VanDijck,3.5812472605171675e-46,45.44596569290291,0.15775896100592005,41.69955356988979,0,advanced_vs_nonadvanced,0.15775896100592005,higher methylation in case/higher stage,"advanced_vs_nonadvanced: +0.158, FDR=3.58e-46, I2=0.0 | disease_vs_healthy: +0.094, FDR=7.82e-03, I2=85.5 | progression_score: +0.063, FDR=4.46e-08, I2=39.6",disease_group_4,disease_group_4_cpg_only_loso,stage_all5,5,TRUE,0.35135387539709817,FALSE,0.26051109896142155,0.05362739667402836,0.246223022562953,2,none,FALSE,tier1_consistent_low_dataset_signal,FALSE,1,NA,NA,NA,NA,NA,chr6,33681788,33681788,+,NA,NA,NA,S_Shelf,chr6:33679158-33679701,NA,NA,NA,NA,NA,NA,NA,Regulatory_Feature_Group=NA; Regulatory_Feature_Name=NA; Enhancer=NA; DHS=NA; DMR=NA,450K_hg19,TRUE,TRUE,NA,NA,NA,NA,NA,NA,UQCC2,84300,ENST00000374214.3_6,chr6,33679504,-,2283,upstream,D,No direct MASLD evidence identified.,"Nearest-gene context only — UQCC2 was among candidate genes associated with cirrhosis in a multi-tissue TWAS, but the strongest liver-specific signals were other genes.",No direct MASLD model identified.,No direct fibrosis mechanism identified.,Indirect mitochondrial plausibility; not sufficient for a disease-specific claim.,Intergenic shelf locus ~2.3 kb from UQCC2. The cirrhosis association is transcriptome-wide/statistical and no CpG-to-UQCC2 regulatory link is established.,https://pubmed.ncbi.nlm.nih.gov/35646080/,NA,NA,"UQCC2 provides weak/indirect cirrhosis and mitochondrial context, but neither the gene association nor the CpG mapping is sufficiently direct for strong biological interpretation.",NA,FALSE,Not selected because evidence is indirect and locus-to-gene assignment is unresolved.,intergenic/no-gene; near UQCC2,NA,intergenic/no-gene
28,cg06686742,90.1851767733916,3,3,0,0,3,6,Ahrens;Horvath;Johnson;ITEN;Murphy;VanDijck,4.752894107819695e-41,40.32304186146831,0.12231953226563148,20.819050592724334,0,advanced_vs_nonadvanced,0.12231953226563148,higher methylation in case/higher stage,"advanced_vs_nonadvanced: +0.122, FDR=4.75e-41, I2=0.0 | fibrosis_vs_nonfibrosis: +0.112, FDR=1.16e-04, I2=40.7 | progression_score: +0.043, FDR=5.41e-07, I2=21.7",disease_group_3;disease_group_3_no_healthy_obese;disease_group_4;disease_group_4_no_healthy_obese,disease_group_3_cpg_only_loso;disease_group_3_no_healthy_obese_cpg_only_loso;disease_group_4_cpg_only_loso;disease_group_4_no_healthy_obese_cpg_only_loso,stage_replicated_all5,5,TRUE,0.3521698979171795,FALSE,0.2099535445487073,0.06880402052023599,0.19048025896924276,3,none,FALSE,tier1_consistent_low_dataset_signal,FALSE,1,LASS4,LASS4,CERS4,CERS4;LASS4;Trh1,org.Hs.eg.db:ALIAS,chr19,8273505,8273505,+,TSS1500,TSS1500,NM_024552,N_Shore,chr19:8273530-8273920,NA,NA,NA,NA,NA,19:8179505-8181045,NA,Regulatory_Feature_Group=NA; Regulatory_Feature_Name=NA; Enhancer=NA; DHS=NA; DMR=NA,450K_hg19,TRUE,TRUE,NA,NA,NA,NA,NA,NA,NA,NA,NA,NA,NA,NA,NA,NA,A,Yes — a human case-control study associated CERS4 rs17160348 with obese and nonobese MASLD risk and phospholipid/sphingolipid metabolism; 128 cases were biopsy-proven.,No direct human fibrosis-specific CERS4 methylation evidence identified.,No direct CERS4 manipulation in a MASLD model used as primary evidence here.,No direct liver-fibrosis CERS4 model identified.,Yes — CERS4 is a ceramide synthase with direct sphingolipid/phospholipid metabolic relevance.,"Direct CERS4 TSS1500 annotation. Human MASLD evidence is genetic (a different SNP), not evidence that cg06686742 methylation alters CERS4 expression or disease risk.",https://pubmed.ncbi.nlm.nih.gov/38836837/,NA,NA,"CERS4 has direct human MASLD genetic evidence and a highly relevant ceramide/phospholipid function. The evidence supports gene-level plausibility, but the reported MASLD variant is not this CpG and therefore does not validate the methylation association.",7,TRUE,"Selected because direct gene annotation and human MASLD genetic evidence provide disease-specific biological context, with explicit separation of SNP evidence from CpG methylation.",LASS4 / current: CERS4,Interpretation priority 7,CERS4
29,cg24249925,89.45440459584961,4,4,0,0,4,6,Ahrens;Horvath;Johnson;ITEN;Murphy;VanDijck,1.513872923683423e-11,10.819910578507876,0.1048946560100448,22.3906561821182,0,advanced_vs_nonadvanced,0.0965270937245546,higher methylation in case/higher stage,"advanced_vs_nonadvanced: +0.097, FDR=1.51e-11, I2=0.0 | disease_vs_healthy: +0.105, FDR=1.05e-10, I2=21.7 | fibrosis_vs_nonfibrosis: +0.094, FDR=5.04e-10, I2=0.0 | progression_score: +0.073, FDR=8.48e-04, I2=67.8",binary_healthy_vs_disease_no_healthy_obese;disease_group_3_no_healthy_obese;disease_group_4_no_healthy_obese,binary_healthy_vs_disease_no_healthy_obese_cpg_only_loso;disease_group_3_no_healthy_obese_cpg_only_loso;disease_group_4_no_healthy_obese_cpg_only_loso,stage_and_binary_all5,5,TRUE,0.448439139581973,FALSE,0.0972381082715824,0.0475948529630988,0.07598433779898624,5,none,FALSE,tier1_consistent_low_dataset_signal,TRUE,1,DDR2;DDR2,DDR2;DDR2,DDR2,DDR2;MIG20a;NTRKR3;TKT;TYRO10;WRCN,org.Hs.eg.db:SYMBOL,chr1,162702571,162702571,-,Body;Body,Body;Body,NM_006182;NM_001014796,OpenSea,NA,NA,NA,TRUE,NA,NA,NA,NA,Regulatory_Feature_Group=NA; Regulatory_Feature_Name=NA; Enhancer=TRUE; DHS=NA; DMR=NA,450K_hg19,TRUE,TRUE,NA,NA,NA,NA,NA,NA,NA,NA,NA,NA,NA,NA,NA,NA,A,No dedicated human MASLD DDR2 validation identified in the reviewed primary studies.,No direct human fibrosis cohort used as primary evidence here.,Yes — HFD/db/db and primary-hepatocyte experiments show DDR2 suppresses steatosis/lipogenesis through AMPK/ACC signaling.,Yes — chronic CCl4 experiments demonstrate a direct DDR2 role in hepatic fibrosis/HSC-macrophage interactions; effects are context-dependent across injury settings.,"Yes — hepatocyte lipogenesis, AMPK/ACC signaling, ER stress/inflammation and extracellular-matrix signaling.","Direct DDR2 gene-body annotation. Gene-level liver evidence is strong, but cg24249925 has not been shown to regulate DDR2.",https://pubmed.ncbi.nlm.nih.gov/41792213/,https://pubmed.ncbi.nlm.nih.gov/22019896/,NA,"DDR2 bridges metabolic and fibrotic liver biology. Recent MASLD experiments indicate a protective role against hepatocyte lipogenesis, while chronic-injury work shows DDR2 can attenuate fibrosis through HSC/macrophage interactions. The fibrosis literature is context-dependent, so simple directional claims should be avoided.",6,TRUE,"Selected because of direct gene annotation, strict-subset membership and experimental evidence spanning hepatic steatosis and fibrosis.",DDR2;DDR2 / current: DDR2,Interpretation priority 6,DDR2
30,cg24921221,89.13945165008299,4,4,0,0,4,6,Ahrens;Horvath;Johnson;ITEN;Murphy;VanDijck,2.4818783955454416e-20,19.605219501418023,0.2383826451349013,71.68404001819263,54.43199416969931,advanced_vs_nonadvanced,-0.2383826451349013,lower methylation in case/higher stage,"advanced_vs_nonadvanced: -0.238, FDR=2.48e-20, I2=54.4 | disease_vs_healthy: -0.160, FDR=5.51e-05, I2=85.8 | fibrosis_vs_nonfibrosis: -0.190, FDR=1.51e-03, I2=72.2 | progression_score: -0.117, FDR=2.28e-09, I2=74.3",disease_group_3;disease_group_4;disease_group_5_obesity_split,disease_group_3_cpg_only_loso;disease_group_4_cpg_only_loso;disease_group_5_obesity_split_cpg_only_loso,stage_replicated_all5,5,TRUE,0.2763156550224502,FALSE,0.4435024479414516,0.11881026700695552,0.41150493359511464,3,high_heterogeneity,FALSE,tier1_consistent_low_dataset_signal,FALSE,1,LONRF1,LONRF1,LONRF1,LONRF1;RNF191,org.Hs.eg.db:SYMBOL,chr8,12584192,12584192,-,Body,Body,NM_152271,OpenSea,NA,NA,NA,TRUE,NA,NA,NA,NA,Regulatory_Feature_Group=NA; Regulatory_Feature_Name=NA; Enhancer=TRUE; DHS=NA; DMR=NA,450K_hg19,TRUE,TRUE,NA,NA,NA,NA,NA,NA,NA,NA,NA,NA,NA,NA,NA,NA,A,Direct disease-context evidence — single-cell transcriptomic analysis examined LONRF1 in normal and NASH liver and identified altered signaling in Lonrf1-high LSECs/Kupffer cells; the study is observational rather than causal.,No direct human fibrosis-specific LONRF1 validation identified.,No causal MASLD manipulation identified.,No direct fibrosis model identified.,Indirect — links to oxidative-damage/protein-quality-control signaling in liver non-parenchymal cells rather than a defined hepatic metabolic pathway.,Direct LONRF1 gene-body annotation. NASH-specific evidence is transcriptomic/observational and does not establish methylation-mediated regulation.,https://pubmed.ncbi.nlm.nih.gov/36888978/,NA,NA,"LONRF1 has direct NASH-liver single-cell context, particularly in LSECs and Kupffer cells, but current evidence is descriptive rather than mechanistic. This makes it disease-specific but substantially weaker than causal evidence for SELENOW, SPHK2, GPX4 or DDR2.",12,TRUE,"Selected because it is directly annotated and has NASH-specific liver single-cell evidence, adding a non-parenchymal-cell/tissue-remodeling angle despite lower statistical rank and limited mechanistic validation.",LONRF1 / current: LONRF1,Interpretation priority 12,LONRF1
