"analysis_role","matrix","Correction","StageVar","Clock","reference_group","Comparison","contrast","beta","ci_lower","ci_upper","p_value","q_value","fdr_significant","n_model_samples","std_error","statistic","term","model","covariates","residualization"
"primary","Raw/pre-ComBat","Raw betas","DiseaseGroup","Horvath1","Healthy","Advanced_Fibrosis","Advanced_Fibrosis vs Healthy",9.03101596426198,6.23537659861115,11.8266553299128,4.61813018350879e-10,3.95839730015039e-09,TRUE,565,1.42325664221683,6.34531798158027,"DiseaseGroupAdvanced_Fibrosis","Horvath1_EAA_resid ~ DiseaseGroup + Sex + Dataset","Sex + Dataset","Global clock-age residuals within each matrix: lm(Clock ~ Age)"
"primary","Raw/pre-ComBat","Raw betas","DiseaseGroup","Horvath1","Healthy","Healthy_Obese","Healthy_Obese vs Healthy",4.63191966777564,1.96748642103578,7.29635291451551,0.00068524260541636,0.0017131065135409,TRUE,565,1.35645976471755,3.41471217079566,"DiseaseGroupHealthy_Obese","Horvath1_EAA_resid ~ DiseaseGroup + Sex + Dataset","Sex + Dataset","Global clock-age residuals within each matrix: lm(Clock ~ Age)"
"primary","Raw/pre-ComBat","Raw betas","DiseaseGroup","Horvath1","Healthy","MASH","MASH vs Healthy",6.22415154446348,4.49298303920139,7.95532004972557,4.93443631550484e-12,9.86887263100968e-11,TRUE,565,0.88133580610718,7.06217936606396,"DiseaseGroupMASH","Horvath1_EAA_resid ~ DiseaseGroup + Sex + Dataset","Sex + Dataset","Global clock-age residuals within each matrix: lm(Clock ~ Age)"
"primary","Raw/pre-ComBat","Raw betas","DiseaseGroup","Horvath1","Healthy","MASL","MASL vs Healthy",4.28211599515266,2.40553343368227,6.15869855662305,8.98252160971017e-06,3.59300864388407e-05,TRUE,565,0.955365927414323,4.48217365961764,"DiseaseGroupMASL","Horvath1_EAA_resid ~ DiseaseGroup + Sex + Dataset","Sex + Dataset","Global clock-age residuals within each matrix: lm(Clock ~ Age)"
"primary","Raw/pre-ComBat","Raw betas","DiseaseGroup","Horvath1","Healthy","Mild_Fibrosis","Mild_Fibrosis vs Healthy",7.30884579075685,4.12520211963996,10.4924894618737,7.93802325891381e-06,3.40200996810592e-05,TRUE,565,1.62078916795973,4.5094364740587,"DiseaseGroupMild_Fibrosis","Horvath1_EAA_resid ~ DiseaseGroup + Sex + Dataset","Sex + Dataset","Global clock-age residuals within each matrix: lm(Clock ~ Age)"
"primary","Raw/pre-ComBat","Raw betas","DiseaseGroup","Horvath2","Healthy","Advanced_Fibrosis","Advanced_Fibrosis vs Healthy",-3.33037393659225,-7.32849778526801,0.667749912083505,0.102367019509918,0.133522199360763,FALSE,565,2.03544004779334,-1.63619357897707,"DiseaseGroupAdvanced_Fibrosis","Horvath2_EAA_resid ~ DiseaseGroup + Sex + Dataset","Sex + Dataset","Global clock-age residuals within each matrix: lm(Clock ~ Age)"
"primary","Raw/pre-ComBat","Raw betas","DiseaseGroup","Horvath2","Healthy","Healthy_Obese","Healthy_Obese vs Healthy",-0.410154345608609,-4.22063656941835,3.40032787820113,0.832629998221744,0.84674237107296,FALSE,565,1.93991192201709,-0.211429364886905,"DiseaseGroupHealthy_Obese","Horvath2_EAA_resid ~ DiseaseGroup + Sex + Dataset","Sex + Dataset","Global clock-age residuals within each matrix: lm(Clock ~ Age)"
"primary","Raw/pre-ComBat","Raw betas","DiseaseGroup","Horvath2","Healthy","MASH","MASH vs Healthy",-0.16237816158361,-2.63817177502538,2.31341545185816,0.897540305854414,0.897540305854414,FALSE,565,1.2604235540476,-0.128828250679833,"DiseaseGroupMASH","Horvath2_EAA_resid ~ DiseaseGroup + Sex + Dataset","Sex + Dataset","Global clock-age residuals within each matrix: lm(Clock ~ Age)"
"primary","Raw/pre-ComBat","Raw betas","DiseaseGroup","Horvath2","Healthy","MASL","MASL vs Healthy",-0.331439174919226,-3.0151935908888,2.35231524105035,0.808418824137361,0.836295335314511,FALSE,565,1.36629614875888,-0.242582236084249,"DiseaseGroupMASL","Horvath2_EAA_resid ~ DiseaseGroup + Sex + Dataset","Sex + Dataset","Global clock-age residuals within each matrix: lm(Clock ~ Age)"
"primary","Raw/pre-ComBat","Raw betas","DiseaseGroup","Horvath2","Healthy","Mild_Fibrosis","Mild_Fibrosis vs Healthy",3.62931416487445,-0.923705743047337,8.18233407279624,0.117977710776958,0.147472138471198,FALSE,565,2.31793696487263,1.56575188189981,"DiseaseGroupMild_Fibrosis","Horvath2_EAA_resid ~ DiseaseGroup + Sex + Dataset","Sex + Dataset","Global clock-age residuals within each matrix: lm(Clock ~ Age)"
"primary","Raw/pre-ComBat","Raw betas","DiseaseGroup","Hannum","Healthy","Advanced_Fibrosis","Advanced_Fibrosis vs Healthy",-6.22204149359058,-9.09372692610373,-3.35035606107743,2.44473992993387e-05,8.14913309977957e-05,TRUE,565,1.46197160349047,-4.25592499795166,"DiseaseGroupAdvanced_Fibrosis","Hannum_EAA_resid ~ DiseaseGroup + Sex + Dataset","Sex + Dataset","Global clock-age residuals within each matrix: lm(Clock ~ Age)"
"primary","Raw/pre-ComBat","Raw betas","DiseaseGroup","Hannum","Healthy","Healthy_Obese","Healthy_Obese vs Healthy",-1.2514565610274,-3.98836684873374,1.48545372667894,0.3694910485092,0.418291753029283,FALSE,565,1.39335773919565,-0.898158833028644,"DiseaseGroupHealthy_Obese","Hannum_EAA_resid ~ DiseaseGroup + Sex + Dataset","Sex + Dataset","Global clock-age residuals within each matrix: lm(Clock ~ Age)"
"primary","Raw/pre-ComBat","Raw betas","DiseaseGroup","Hannum","Healthy","MASH","MASH vs Healthy",-2.91917352274034,-4.69743270697863,-1.14091433850204,0.00133624426106902,0.00276464329876349,TRUE,565,0.905309614196615,-3.22450295121504,"DiseaseGroupMASH","Hannum_EAA_resid ~ DiseaseGroup + Sex + Dataset","Sex + Dataset","Global clock-age residuals within each matrix: lm(Clock ~ Age)"
"primary","Raw/pre-ComBat","Raw betas","DiseaseGroup","Hannum","Healthy","MASL","MASL vs Healthy",-1.53968036799529,-3.46730911399707,0.387948378006496,0.117233912561188,0.147472138471198,FALSE,565,0.981353478629541,-1.56893555841413,"DiseaseGroupMASL","Hannum_EAA_resid ~ DiseaseGroup + Sex + Dataset","Sex + Dataset","Global clock-age residuals within each matrix: lm(Clock ~ Age)"
"primary","Raw/pre-ComBat","Raw betas","DiseaseGroup","Hannum","Healthy","Mild_Fibrosis","Mild_Fibrosis vs Healthy",-1.0766507791487,-4.34689488323066,2.19359332493326,0.518103822489994,0.565204169989084,FALSE,565,1.66487734433569,-0.646684743961304,"DiseaseGroupMild_Fibrosis","Hannum_EAA_resid ~ DiseaseGroup + Sex + Dataset","Sex + Dataset","Global clock-age residuals within each matrix: lm(Clock ~ Age)"
"primary","Raw/pre-ComBat","Raw betas","DiseaseGroup","PhenoAge","Healthy","Advanced_Fibrosis","Advanced_Fibrosis vs Healthy",8.85327321965186,5.21694611936842,12.4896003199353,2.22415971450473e-06,1.02653525284834e-05,TRUE,565,1.85124975786947,4.78232241868906,"DiseaseGroupAdvanced_Fibrosis","PhenoAge_EAA_resid ~ DiseaseGroup + Sex + Dataset","Sex + Dataset","Global clock-age residuals within each matrix: lm(Clock ~ Age)"
"primary","Raw/pre-ComBat","Raw betas","DiseaseGroup","PhenoAge","Healthy","Healthy_Obese","Healthy_Obese vs Healthy",4.36528856205786,0.899623089944716,7.830954034171,0.0136542151326321,0.023407225941655,TRUE,565,1.7643661280103,2.47413985836412,"DiseaseGroupHealthy_Obese","PhenoAge_EAA_resid ~ DiseaseGroup + Sex + Dataset","Sex + Dataset","Global clock-age residuals within each matrix: lm(Clock ~ Age)"
"primary","Raw/pre-ComBat","Raw betas","DiseaseGroup","PhenoAge","Healthy","MASH","MASH vs Healthy",7.66416459531189,5.41240958420866,9.91591960641512,5.62340155415951e-11,6.74808186499141e-10,TRUE,565,1.14636577076944,6.6856188406321,"DiseaseGroupMASH","PhenoAge_EAA_resid ~ DiseaseGroup + Sex + Dataset","Sex + Dataset","Global clock-age residuals within each matrix: lm(Clock ~ Age)"
"primary","Raw/pre-ComBat","Raw betas","DiseaseGroup","PhenoAge","Healthy","MASL","MASL vs Healthy",5.08939613103828,2.6484990296321,7.53029323244445,4.83959490875921e-05,0.000145187847262776,TRUE,565,1.24265778169688,4.09557337989594,"DiseaseGroupMASL","PhenoAge_EAA_resid ~ DiseaseGroup + Sex + Dataset","Sex + Dataset","Global clock-age residuals within each matrix: lm(Clock ~ Age)"
"primary","Raw/pre-ComBat","Raw betas","DiseaseGroup","PhenoAge","Healthy","Mild_Fibrosis","Mild_Fibrosis vs Healthy",5.42593640186255,1.28492669182324,9.56694611190186,0.0103190862916918,0.0187619750758033,TRUE,565,2.10818306814253,2.57375010920812,"DiseaseGroupMild_Fibrosis","PhenoAge_EAA_resid ~ DiseaseGroup + Sex + Dataset","Sex + Dataset","Global clock-age residuals within each matrix: lm(Clock ~ Age)"
"primary","Raw/pre-ComBat","Raw betas","DiseaseGroup","GrimAgeV1","Healthy","Advanced_Fibrosis","Advanced_Fibrosis vs Healthy",2.32313240176302,0.92392571387592,3.72233908965012,0.00117723114318607,0.00260049213423373,TRUE,565,0.712334443718892,3.26129449761634,"DiseaseGroupAdvanced_Fibrosis","GrimAgeV1_EAA_resid ~ DiseaseGroup + Sex + Dataset","Sex + Dataset","Global clock-age residuals within each matrix: lm(Clock ~ Age)"
"primary","Raw/pre-ComBat","Raw betas","DiseaseGroup","GrimAgeV1","Healthy","Healthy_Obese","Healthy_Obese vs Healthy",0.773325825878572,-0.560212707049923,2.10686435880707,0.25516137352119,0.306193648225428,FALSE,565,0.678902864926826,1.13908169464261,"DiseaseGroupHealthy_Obese","GrimAgeV1_EAA_resid ~ DiseaseGroup + Sex + Dataset","Sex + Dataset","Global clock-age residuals within each matrix: lm(Clock ~ Age)"
"primary","Raw/pre-ComBat","Raw betas","DiseaseGroup","GrimAgeV1","Healthy","MASH","MASH vs Healthy",0.402766239170636,-0.463676900879484,1.26920937922076,0.361595340550615,0.417225392943017,FALSE,565,0.441105161606726,0.913084393987952,"DiseaseGroupMASH","GrimAgeV1_EAA_resid ~ DiseaseGroup + Sex + Dataset","Sex + Dataset","Global clock-age residuals within each matrix: lm(Clock ~ Age)"
"primary","Raw/pre-ComBat","Raw betas","DiseaseGroup","GrimAgeV1","Healthy","MASL","MASL vs Healthy",1.11889700920079,0.179674696536581,2.058119321865,0.019636774034993,0.0318434173540427,TRUE,565,0.478156950943629,2.34002037823078,"DiseaseGroupMASL","GrimAgeV1_EAA_resid ~ DiseaseGroup + Sex + Dataset","Sex + Dataset","Global clock-age residuals within each matrix: lm(Clock ~ Age)"
"primary","Raw/pre-ComBat","Raw betas","DiseaseGroup","GrimAgeV1","Healthy","Mild_Fibrosis","Mild_Fibrosis vs Healthy",0.346606196632602,-1.2467951451886,1.9400075384538,0.669343915716151,0.717154195410162,FALSE,565,0.811198708720525,0.427276563567627,"DiseaseGroupMild_Fibrosis","GrimAgeV1_EAA_resid ~ DiseaseGroup + Sex + Dataset","Sex + Dataset","Global clock-age residuals within each matrix: lm(Clock ~ Age)"
"primary","Raw/pre-ComBat","Raw betas","DiseaseGroup","PCHannum","Healthy","Advanced_Fibrosis","Advanced_Fibrosis vs Healthy",2.39266959197809,-0.159498434641823,4.944837618598,0.0660829247722685,0.0881105663630247,FALSE,565,1.29930567603614,1.84149860660775,"DiseaseGroupAdvanced_Fibrosis","PCHannum_EAA_resid ~ DiseaseGroup + Sex + Dataset","Sex + Dataset","Global clock-age residuals within each matrix: lm(Clock ~ Age)"
"primary","Raw/pre-ComBat","Raw betas","DiseaseGroup","PCHannum","Healthy","Healthy_Obese","Healthy_Obese vs Healthy",2.70591210511423,0.273523498435171,5.1383007117933,0.0292969631333128,0.0439454446999692,TRUE,565,1.23832611725388,2.18513690974626,"DiseaseGroupHealthy_Obese","PCHannum_EAA_resid ~ DiseaseGroup + Sex + Dataset","Sex + Dataset","Global clock-age residuals within each matrix: lm(Clock ~ Age)"
"primary","Raw/pre-ComBat","Raw betas","DiseaseGroup","PCHannum","Healthy","MASH","MASH vs Healthy",4.20597523621987,2.62557364290037,5.78637682953937,2.43778101137989e-07,1.62518734091993e-06,TRUE,565,0.804580552376929,5.22753778200875,"DiseaseGroupMASH","PCHannum_EAA_resid ~ DiseaseGroup + Sex + Dataset","Sex + Dataset","Global clock-age residuals within each matrix: lm(Clock ~ Age)"
"primary","Raw/pre-ComBat","Raw betas","DiseaseGroup","PCHannum","Healthy","MASL","MASL vs Healthy",3.32263256203438,1.6094809761959,5.03578414787287,0.00015473923217973,0.000442112091942086,TRUE,565,0.87216341407515,3.80964450974791,"DiseaseGroupMASL","PCHannum_EAA_resid ~ DiseaseGroup + Sex + Dataset","Sex + Dataset","Global clock-age residuals within each matrix: lm(Clock ~ Age)"
"primary","Raw/pre-ComBat","Raw betas","DiseaseGroup","PCHannum","Healthy","Mild_Fibrosis","Mild_Fibrosis vs Healthy",4.34046603661567,1.43408487550915,7.24684719772219,0.00349069688159922,0.00675618751277268,TRUE,565,1.47963515723199,2.93347046763578,"DiseaseGroupMild_Fibrosis","PCHannum_EAA_resid ~ DiseaseGroup + Sex + Dataset","Sex + Dataset","Global clock-age residuals within each matrix: lm(Clock ~ Age)"
"primary","Raw/pre-ComBat","Raw betas","DiseaseGroup","PCHorvath1","Healthy","Advanced_Fibrosis","Advanced_Fibrosis vs Healthy",10.0015005211418,7.1541281103691,12.8488729319145,1.43031088023911e-11,2.14546632035866e-10,TRUE,565,1.44959387333342,6.89951903435051,"DiseaseGroupAdvanced_Fibrosis","PCHorvath1_EAA_resid ~ DiseaseGroup + Sex + Dataset","Sex + Dataset","Global clock-age residuals within each matrix: lm(Clock ~ Age)"
"primary","Raw/pre-ComBat","Raw betas","DiseaseGroup","PCHorvath1","Healthy","Healthy_Obese","Healthy_Obese vs Healthy",3.32122017630643,0.607481841409862,6.034958511203,0.0165458421758394,0.027576403626399,TRUE,565,1.38156092586027,2.40396215189597,"DiseaseGroupHealthy_Obese","PCHorvath1_EAA_resid ~ DiseaseGroup + Sex + Dataset","Sex + Dataset","Global clock-age residuals within each matrix: lm(Clock ~ Age)"
"primary","Raw/pre-ComBat","Raw betas","DiseaseGroup","PCHorvath1","Healthy","MASH","MASH vs Healthy",8.69018003277765,6.92697641615727,10.453383649398,1.38845202260207e-20,8.33071213561242e-19,TRUE,565,0.897644842810931,9.68108946692633,"DiseaseGroupMASH","PCHorvath1_EAA_resid ~ DiseaseGroup + Sex + Dataset","Sex + Dataset","Global clock-age residuals within each matrix: lm(Clock ~ Age)"
"primary","Raw/pre-ComBat","Raw betas","DiseaseGroup","PCHorvath1","Healthy","MASL","MASL vs Healthy",4.28189690376056,2.37058835741521,6.19320545010591,1.29583004967273e-05,4.85936268627274e-05,TRUE,565,0.973044884592444,4.40051324616338,"DiseaseGroupMASL","PCHorvath1_EAA_resid ~ DiseaseGroup + Sex + Dataset","Sex + Dataset","Global clock-age residuals within each matrix: lm(Clock ~ Age)"
"primary","Raw/pre-ComBat","Raw betas","DiseaseGroup","PCHorvath1","Healthy","Mild_Fibrosis","Mild_Fibrosis vs Healthy",8.39736832661695,5.15481162697663,11.6399250262573,4.98990796705544e-07,2.99394478023326e-06,TRUE,565,1.65078171999963,5.08690411632305,"DiseaseGroupMild_Fibrosis","PCHorvath1_EAA_resid ~ DiseaseGroup + Sex + Dataset","Sex + Dataset","Global clock-age residuals within each matrix: lm(Clock ~ Age)"
"primary","Raw/pre-ComBat","Raw betas","DiseaseGroup","PCHorvath2","Healthy","Advanced_Fibrosis","Advanced_Fibrosis vs Healthy",10.8744827930554,7.56357405740938,14.1853915287015,2.41752431466719e-10,2.41752431466719e-09,TRUE,565,1.68557965940823,6.45147960368318,"DiseaseGroupAdvanced_Fibrosis","PCHorvath2_EAA_resid ~ DiseaseGroup + Sex + Dataset","Sex + Dataset","Global clock-age residuals within each matrix: lm(Clock ~ Age)"
"primary","Raw/pre-ComBat","Raw betas","DiseaseGroup","PCHorvath2","Healthy","Healthy_Obese","Healthy_Obese vs Healthy",3.57573173555175,0.420211956939989,6.7312515141635,0.0264271708793123,0.0406571859681728,TRUE,565,1.60647132807497,2.22582978797172,"DiseaseGroupHealthy_Obese","PCHorvath2_EAA_resid ~ DiseaseGroup + Sex + Dataset","Sex + Dataset","Global clock-age residuals within each matrix: lm(Clock ~ Age)"
"primary","Raw/pre-ComBat","Raw betas","DiseaseGroup","PCHorvath2","Healthy","MASH","MASH vs Healthy",9.85355393666703,7.80331061938808,11.903797253946,1.02306921596828e-19,3.06920764790484e-18,TRUE,565,1.04377640955081,9.4402918541793,"DiseaseGroupMASH","PCHorvath2_EAA_resid ~ DiseaseGroup + Sex + Dataset","Sex + Dataset","Global clock-age residuals within each matrix: lm(Clock ~ Age)"
"primary","Raw/pre-ComBat","Raw betas","DiseaseGroup","PCHorvath2","Healthy","MASL","MASL vs Healthy",6.28272234165434,4.06026343931057,8.50518124399811,4.36713106043609e-08,3.27534829532707e-07,TRUE,565,1.13145115699796,5.55280031559121,"DiseaseGroupMASL","PCHorvath2_EAA_resid ~ DiseaseGroup + Sex + Dataset","Sex + Dataset","Global clock-age residuals within each matrix: lm(Clock ~ Age)"
"primary","Raw/pre-ComBat","Raw betas","DiseaseGroup","PCHorvath2","Healthy","Mild_Fibrosis","Mild_Fibrosis vs Healthy",9.44512379184346,5.67469697234869,13.2155506113382,1.13964743506703e-06,5.69823717533515e-06,TRUE,565,1.91951976380512,4.92056605508458,"DiseaseGroupMild_Fibrosis","PCHorvath2_EAA_resid ~ DiseaseGroup + Sex + Dataset","Sex + Dataset","Global clock-age residuals within each matrix: lm(Clock ~ Age)"
"primary","Raw/pre-ComBat","Raw betas","DiseaseGroup","PCPhenoAge","Healthy","Advanced_Fibrosis","Advanced_Fibrosis vs Healthy",-0.459778078450615,-3.68117230977932,2.76161615287809,0.779312781289426,0.820329243462554,FALSE,565,1.64000793280795,-0.280351130779839,"DiseaseGroupAdvanced_Fibrosis","PCPhenoAge_EAA_resid ~ DiseaseGroup + Sex + Dataset","Sex + Dataset","Global clock-age residuals within each matrix: lm(Clock ~ Age)"
"primary","Raw/pre-ComBat","Raw betas","DiseaseGroup","PCPhenoAge","Healthy","Healthy_Obese","Healthy_Obese vs Healthy",3.00904723615108,-0.0611591703930752,6.07925364269523,0.054725121789481,0.074625166076565,FALSE,565,1.56303839285556,1.92512688741686,"DiseaseGroupHealthy_Obese","PCPhenoAge_EAA_resid ~ DiseaseGroup + Sex + Dataset","Sex + Dataset","Global clock-age residuals within each matrix: lm(Clock ~ Age)"
"primary","Raw/pre-ComBat","Raw betas","DiseaseGroup","PCPhenoAge","Healthy","MASH","MASH vs Healthy",2.13449735263646,0.139684894052073,4.12930981122085,0.0360216660587132,0.0514595229410189,FALSE,565,1.01555662598711,2.10180042945587,"DiseaseGroupMASH","PCPhenoAge_EAA_resid ~ DiseaseGroup + Sex + Dataset","Sex + Dataset","Global clock-age residuals within each matrix: lm(Clock ~ Age)"
"primary","Raw/pre-ComBat","Raw betas","DiseaseGroup","PCPhenoAge","Healthy","MASL","MASL vs Healthy",3.58054972996424,1.41817774722267,5.7429217127058,0.00121356299597574,0.00260049213423373,TRUE,565,1.10086097842024,3.25249945283956,"DiseaseGroupMASL","PCPhenoAge_EAA_resid ~ DiseaseGroup + Sex + Dataset","Sex + Dataset","Global clock-age residuals within each matrix: lm(Clock ~ Age)"
"primary","Raw/pre-ComBat","Raw betas","DiseaseGroup","PCPhenoAge","Healthy","Mild_Fibrosis","Mild_Fibrosis vs Healthy",4.2344649048515,0.565976228253358,7.90295358144965,0.0237562617286742,0.0375098869400119,TRUE,565,1.86762317773059,2.26730153884519,"DiseaseGroupMild_Fibrosis","PCPhenoAge_EAA_resid ~ DiseaseGroup + Sex + Dataset","Sex + Dataset","Global clock-age residuals within each matrix: lm(Clock ~ Age)"
"primary","Raw/pre-ComBat","Raw betas","DiseaseGroup","PCGrimAge","Healthy","Advanced_Fibrosis","Advanced_Fibrosis vs Healthy",1.22555600001932,0.433895638704606,2.01721636133402,0.00247083018018399,0.00494166036036798,TRUE,565,0.403033338800702,3.04083032849386,"DiseaseGroupAdvanced_Fibrosis","PCGrimAge_EAA_resid ~ DiseaseGroup + Sex + Dataset","Sex + Dataset","Global clock-age residuals within each matrix: lm(Clock ~ Age)"
"primary","Raw/pre-ComBat","Raw betas","DiseaseGroup","PCGrimAge","Healthy","Healthy_Obese","Healthy_Obese vs Healthy",0.832255559282583,0.0777497339856394,1.58676138457953,0.0306858716349278,0.0449061536120895,TRUE,565,0.384118009153576,2.16666633547462,"DiseaseGroupHealthy_Obese","PCGrimAge_EAA_resid ~ DiseaseGroup + Sex + Dataset","Sex + Dataset","Global clock-age residuals within each matrix: lm(Clock ~ Age)"
"primary","Raw/pre-ComBat","Raw betas","DiseaseGroup","PCGrimAge","Healthy","MASH","MASH vs Healthy",0.821745420999403,0.331518569420721,1.31197227257808,0.00105595390634695,0.0024368167069545,TRUE,565,0.249573901153009,3.29259356528472,"DiseaseGroupMASH","PCGrimAge_EAA_resid ~ DiseaseGroup + Sex + Dataset","Sex + Dataset","Global clock-age residuals within each matrix: lm(Clock ~ Age)"
"primary","Raw/pre-ComBat","Raw betas","DiseaseGroup","PCGrimAge","Healthy","MASL","MASL vs Healthy",1.16567566550666,0.634270918920297,1.69708041209302,1.94284674525185e-05,6.85710615971241e-05,TRUE,565,0.270537518028013,4.30873940887547,"DiseaseGroupMASL","PCGrimAge_EAA_resid ~ DiseaseGroup + Sex + Dataset","Sex + Dataset","Global clock-age residuals within each matrix: lm(Clock ~ Age)"
"primary","Raw/pre-ComBat","Raw betas","DiseaseGroup","PCGrimAge","Healthy","Mild_Fibrosis","Mild_Fibrosis vs Healthy",0.590921877181412,-0.310612322808985,1.49245607717181,0.198459156268369,0.243011211757187,FALSE,565,0.458969978061978,1.28749570870976,"DiseaseGroupMild_Fibrosis","PCGrimAge_EAA_resid ~ DiseaseGroup + Sex + Dataset","Sex + Dataset","Global clock-age residuals within each matrix: lm(Clock ~ Age)"
"primary","Raw/pre-ComBat","Raw betas","DiseaseGroup","HepClock","Healthy","Advanced_Fibrosis","Advanced_Fibrosis vs Healthy",5.44605159705519,2.87831736426383,8.01378582984655,3.59384066986021e-05,0.000113489705364007,TRUE,565,1.30723041289592,4.16609921505,"DiseaseGroupAdvanced_Fibrosis","HepClock_EAA_resid ~ DiseaseGroup + Sex + Dataset","Sex + Dataset","Global clock-age residuals within each matrix: lm(Clock ~ Age)"
"primary","Raw/pre-ComBat","Raw betas","DiseaseGroup","HepClock","Healthy","Healthy_Obese","Healthy_Obese vs Healthy",1.02822117782122,-1.41900307531439,3.47544543095684,0.40955775002506,0.455064166694511,FALSE,565,1.24587892704055,0.825297832321197,"DiseaseGroupHealthy_Obese","HepClock_EAA_resid ~ DiseaseGroup + Sex + Dataset","Sex + Dataset","Global clock-age residuals within each matrix: lm(Clock ~ Age)"
"primary","Raw/pre-ComBat","Raw betas","DiseaseGroup","HepClock","Healthy","MASH","MASH vs Healthy",4.00358673577693,2.41354594285195,5.5936275287019,1.00681732270541e-06,5.49173085112042e-06,TRUE,565,0.809487857315007,4.94582679603921,"DiseaseGroupMASH","HepClock_EAA_resid ~ DiseaseGroup + Sex + Dataset","Sex + Dataset","Global clock-age residuals within each matrix: lm(Clock ~ Age)"
"primary","Raw/pre-ComBat","Raw betas","DiseaseGroup","HepClock","Healthy","MASL","MASL vs Healthy",3.09592183224158,1.37232137684985,4.81952228763331,0.00045314960046702,0.00123586254672824,TRUE,565,0.877482921010854,3.52818471802858,"DiseaseGroupMASL","HepClock_EAA_resid ~ DiseaseGroup + Sex + Dataset","Sex + Dataset","Global clock-age residuals within each matrix: lm(Clock ~ Age)"
"primary","Raw/pre-ComBat","Raw betas","DiseaseGroup","HepClock","Healthy","Mild_Fibrosis","Mild_Fibrosis vs Healthy",5.14124113631702,2.21713334910488,8.06534892352916,0.00059544267623859,0.00155332872062241,TRUE,565,1.48865976128461,3.45360388587416,"DiseaseGroupMild_Fibrosis","HepClock_EAA_resid ~ DiseaseGroup + Sex + Dataset","Sex + Dataset","Global clock-age residuals within each matrix: lm(Clock ~ Age)"
"primary","Raw/pre-ComBat","Raw betas","DiseaseGroup","LiverClock","Healthy","Advanced_Fibrosis","Advanced_Fibrosis vs Healthy",3.84654916154816,1.57546101589933,6.117637307197,0.00093651457054107,0.00224763496929857,TRUE,565,1.15620824633871,3.32686535814702,"DiseaseGroupAdvanced_Fibrosis","LiverClock_EAA_resid ~ DiseaseGroup + Sex + Dataset","Sex + Dataset","Global clock-age residuals within each matrix: lm(Clock ~ Age)"
"primary","Raw/pre-ComBat","Raw betas","DiseaseGroup","LiverClock","Healthy","Healthy_Obese","Healthy_Obese vs Healthy",1.05545717440053,-1.10904331013704,3.21995765893811,0.338574713109144,0.398323191893111,FALSE,565,1.10194459612729,0.957813285812981,"DiseaseGroupHealthy_Obese","LiverClock_EAA_resid ~ DiseaseGroup + Sex + Dataset","Sex + Dataset","Global clock-age residuals within each matrix: lm(Clock ~ Age)"
"primary","Raw/pre-ComBat","Raw betas","DiseaseGroup","LiverClock","Healthy","MASH","MASH vs Healthy",2.050987452731,0.644641441608041,3.45733346385395,0.00433329543890161,0.00812492894794052,TRUE,565,0.715969064600686,2.86463138442285,"DiseaseGroupMASH","LiverClock_EAA_resid ~ DiseaseGroup + Sex + Dataset","Sex + Dataset","Global clock-age residuals within each matrix: lm(Clock ~ Age)"
"primary","Raw/pre-ComBat","Raw betas","DiseaseGroup","LiverClock","Healthy","MASL","MASL vs Healthy",1.58376961160442,0.0592938648213319,3.1082453583875,0.0417587316867976,0.0582679977025083,FALSE,565,0.776108771097649,2.04065418480517,"DiseaseGroupMASL","LiverClock_EAA_resid ~ DiseaseGroup + Sex + Dataset","Sex + Dataset","Global clock-age residuals within each matrix: lm(Clock ~ Age)"
"primary","Raw/pre-ComBat","Raw betas","DiseaseGroup","LiverClock","Healthy","Mild_Fibrosis","Mild_Fibrosis vs Healthy",3.29519532107029,0.708904868059632,5.88148577408095,0.0126133214391492,0.0222588025396751,TRUE,565,1.3166773623151,2.50265966088791,"DiseaseGroupMild_Fibrosis","LiverClock_EAA_resid ~ DiseaseGroup + Sex + Dataset","Sex + Dataset","Global clock-age residuals within each matrix: lm(Clock ~ Age)"
"sensitivity","ComBat","ComBat betas","DiseaseGroup","Horvath1","Healthy","Advanced_Fibrosis","Advanced_Fibrosis vs Healthy",9.19715872584098,6.24882187934055,12.1454955723414,1.69629819959876e-09,2.03555783951851e-08,TRUE,565,1.50099474625814,6.12737569453107,"DiseaseGroupAdvanced_Fibrosis","Horvath1_EAA_resid ~ DiseaseGroup + Sex + Dataset","Sex + Dataset","Global clock-age residuals within each matrix: lm(Clock ~ Age)"
"sensitivity","ComBat","ComBat betas","DiseaseGroup","Horvath1","Healthy","Healthy_Obese","Healthy_Obese vs Healthy",4.67782987931345,1.86786561392076,7.48779414470614,0.00114244877638675,0.00285612194096687,TRUE,565,1.43054943146468,3.26995333151405,"DiseaseGroupHealthy_Obese","Horvath1_EAA_resid ~ DiseaseGroup + Sex + Dataset","Sex + Dataset","Global clock-age residuals within each matrix: lm(Clock ~ Age)"
"sensitivity","ComBat","ComBat betas","DiseaseGroup","Horvath1","Healthy","MASH","MASH vs Healthy",6.92876940716996,5.10304468949806,8.75449412484185,3.49430423645016e-13,6.98860847290032e-12,TRUE,565,0.929474260239939,7.45450380237676,"DiseaseGroupMASH","Horvath1_EAA_resid ~ DiseaseGroup + Sex + Dataset","Sex + Dataset","Global clock-age residuals within each matrix: lm(Clock ~ Age)"
"sensitivity","ComBat","ComBat betas","DiseaseGroup","Horvath1","Healthy","MASL","MASL vs Healthy",4.43016496707088,2.45108369519329,6.40924623894847,1.31638733090375e-05,5.80180058130231e-05,TRUE,565,1.007547897735,4.39697703407454,"DiseaseGroupMASL","Horvath1_EAA_resid ~ DiseaseGroup + Sex + Dataset","Sex + Dataset","Global clock-age residuals within each matrix: lm(Clock ~ Age)"
"sensitivity","ComBat","ComBat betas","DiseaseGroup","Horvath1","Healthy","Mild_Fibrosis","Mild_Fibrosis vs Healthy",7.82199484208791,4.4644609423259,11.1795287418499,5.85173989401792e-06,2.92586994700896e-05,TRUE,565,1.7093164744416,4.57609515794504,"DiseaseGroupMild_Fibrosis","Horvath1_EAA_resid ~ DiseaseGroup + Sex + Dataset","Sex + Dataset","Global clock-age residuals within each matrix: lm(Clock ~ Age)"
"sensitivity","ComBat","ComBat betas","DiseaseGroup","Horvath2","Healthy","Advanced_Fibrosis","Advanced_Fibrosis vs Healthy",-3.14346999438501,-7.44610626709355,1.15916627832352,0.151831890079495,0.185916600097341,FALSE,565,2.19046695701033,-1.43506843795325,"DiseaseGroupAdvanced_Fibrosis","Horvath2_EAA_resid ~ DiseaseGroup + Sex + Dataset","Sex + Dataset","Global clock-age residuals within each matrix: lm(Clock ~ Age)"
"sensitivity","ComBat","ComBat betas","DiseaseGroup","Horvath2","Healthy","Healthy_Obese","Healthy_Obese vs Healthy",-0.255546401044795,-4.35624954412156,3.84515674203197,0.902620390544291,0.902620390544291,FALSE,565,2.08766304332845,-0.122407877009389,"DiseaseGroupHealthy_Obese","Horvath2_EAA_resid ~ DiseaseGroup + Sex + Dataset","Sex + Dataset","Global clock-age residuals within each matrix: lm(Clock ~ Age)"
"sensitivity","ComBat","ComBat betas","DiseaseGroup","Horvath2","Healthy","MASH","MASH vs Healthy",1.25704848998229,-1.40731104666962,3.92140802663419,0.354465949982271,0.401282207527099,FALSE,565,1.35642223900033,0.926738336956726,"DiseaseGroupMASH","Horvath2_EAA_resid ~ DiseaseGroup + Sex + Dataset","Sex + Dataset","Global clock-age residuals within each matrix: lm(Clock ~ Age)"
"sensitivity","ComBat","ComBat betas","DiseaseGroup","Horvath2","Healthy","MASL","MASL vs Healthy",0.771164781744687,-2.11699464858838,3.65932421207775,0.600158693156925,0.631745992796763,FALSE,565,1.47035849598782,0.524473986343447,"DiseaseGroupMASL","Horvath2_EAA_resid ~ DiseaseGroup + Sex + Dataset","Sex + Dataset","Global clock-age residuals within each matrix: lm(Clock ~ Age)"
"sensitivity","ComBat","ComBat betas","DiseaseGroup","Horvath2","Healthy","Mild_Fibrosis","Mild_Fibrosis vs Healthy",4.59745854841946,-0.30233679250698,9.4972538893459,0.0658553015316758,0.0898026839068306,FALSE,565,2.49447992118008,1.84305293836341,"DiseaseGroupMild_Fibrosis","Horvath2_EAA_resid ~ DiseaseGroup + Sex + Dataset","Sex + Dataset","Global clock-age residuals within each matrix: lm(Clock ~ Age)"
"sensitivity","ComBat","ComBat betas","DiseaseGroup","Hannum","Healthy","Advanced_Fibrosis","Advanced_Fibrosis vs Healthy",-5.98385142501154,-9.09043803767426,-2.87726481234883,0.00017147119578438,0.0005715706526146,TRUE,565,1.58155951208133,-3.78351328502133,"DiseaseGroupAdvanced_Fibrosis","Hannum_EAA_resid ~ DiseaseGroup + Sex + Dataset","Sex + Dataset","Global clock-age residuals within each matrix: lm(Clock ~ Age)"
"sensitivity","ComBat","ComBat betas","DiseaseGroup","Hannum","Healthy","Healthy_Obese","Healthy_Obese vs Healthy",-1.30344250165872,-4.26422948883457,1.65734448551712,0.387558956112798,0.430621062347553,FALSE,565,1.50733309791771,-0.864734213996462,"DiseaseGroupHealthy_Obese","Hannum_EAA_resid ~ DiseaseGroup + Sex + Dataset","Sex + Dataset","Global clock-age residuals within each matrix: lm(Clock ~ Age)"
"sensitivity","ComBat","ComBat betas","DiseaseGroup","Hannum","Healthy","MASH","MASH vs Healthy",-2.99874671935771,-4.92246584021023,-1.07502759850518,0.00230580934427355,0.00494102002344332,TRUE,565,0.979363093163294,-3.06193559905541,"DiseaseGroupMASH","Hannum_EAA_resid ~ DiseaseGroup + Sex + Dataset","Sex + Dataset","Global clock-age residuals within each matrix: lm(Clock ~ Age)"
"sensitivity","ComBat","ComBat betas","DiseaseGroup","Hannum","Healthy","MASL","MASL vs Healthy",-1.18708369556066,-3.27239066850172,0.898223277380409,0.263977447665846,0.310561703136289,FALSE,565,1.06162727452097,-1.11817369810538,"DiseaseGroupMASL","Hannum_EAA_resid ~ DiseaseGroup + Sex + Dataset","Sex + Dataset","Global clock-age residuals within each matrix: lm(Clock ~ Age)"
"sensitivity","ComBat","ComBat betas","DiseaseGroup","Hannum","Healthy","Mild_Fibrosis","Mild_Fibrosis vs Healthy",-1.007714851043,-4.5454618615118,2.5300321594258,0.576038991461343,0.617184633708582,FALSE,565,1.80106275258441,-0.559511238349131,"DiseaseGroupMild_Fibrosis","Hannum_EAA_resid ~ DiseaseGroup + Sex + Dataset","Sex + Dataset","Global clock-age residuals within each matrix: lm(Clock ~ Age)"
"sensitivity","ComBat","ComBat betas","DiseaseGroup","PhenoAge","Healthy","Advanced_Fibrosis","Advanced_Fibrosis vs Healthy",8.56005278966015,4.7305505407315,12.3895550385888,1.35375346897054e-05,5.80180058130231e-05,TRUE,565,1.94959499395342,4.39068258597749,"DiseaseGroupAdvanced_Fibrosis","PhenoAge_EAA_resid ~ DiseaseGroup + Sex + Dataset","Sex + Dataset","Global clock-age residuals within each matrix: lm(Clock ~ Age)"
"sensitivity","ComBat","ComBat betas","DiseaseGroup","PhenoAge","Healthy","Healthy_Obese","Healthy_Obese vs Healthy",3.81245154205192,0.162677098367485,7.46222598573635,0.0406580512317827,0.0594995871684625,FALSE,565,1.85809578423853,2.05180571119713,"DiseaseGroupHealthy_Obese","PhenoAge_EAA_resid ~ DiseaseGroup + Sex + Dataset","Sex + Dataset","Global clock-age residuals within each matrix: lm(Clock ~ Age)"
"sensitivity","ComBat","ComBat betas","DiseaseGroup","PhenoAge","Healthy","MASH","MASH vs Healthy",7.13948258446621,4.76810601650454,9.51085915242788,5.85372982252596e-09,5.07160126061262e-08,TRUE,565,1.2072649616461,5.9137660839022,"DiseaseGroupMASH","PhenoAge_EAA_resid ~ DiseaseGroup + Sex + Dataset","Sex + Dataset","Global clock-age residuals within each matrix: lm(Clock ~ Age)"
"sensitivity","ComBat","ComBat betas","DiseaseGroup","PhenoAge","Healthy","MASL","MASL vs Healthy",4.10282560803592,1.53225902217797,6.67339219389386,0.0018089668520277,0.00417453888929469,TRUE,565,1.30867236043917,3.13510526550668,"DiseaseGroupMASL","PhenoAge_EAA_resid ~ DiseaseGroup + Sex + Dataset","Sex + Dataset","Global clock-age residuals within each matrix: lm(Clock ~ Age)"
"sensitivity","ComBat","ComBat betas","DiseaseGroup","PhenoAge","Healthy","Mild_Fibrosis","Mild_Fibrosis vs Healthy",5.27817739925285,0.91718193319734,9.63917286530836,0.0177751889730792,0.027346444573968,TRUE,565,2.22017755222731,2.37736724883004,"DiseaseGroupMild_Fibrosis","PhenoAge_EAA_resid ~ DiseaseGroup + Sex + Dataset","Sex + Dataset","Global clock-age residuals within each matrix: lm(Clock ~ Age)"
"sensitivity","ComBat","ComBat betas","DiseaseGroup","GrimAgeV1","Healthy","Advanced_Fibrosis","Advanced_Fibrosis vs Healthy",2.82653187560264,1.2747786836533,4.37828506755198,0.00037669899719799,0.00113009699159397,TRUE,565,0.789995685659158,3.57790798976862,"DiseaseGroupAdvanced_Fibrosis","GrimAgeV1_EAA_resid ~ DiseaseGroup + Sex + Dataset","Sex + Dataset","Global clock-age residuals within each matrix: lm(Clock ~ Age)"
"sensitivity","ComBat","ComBat betas","DiseaseGroup","GrimAgeV1","Healthy","Healthy_Obese","Healthy_Obese vs Healthy",1.23663182066937,-0.242293839830481,2.71555748116922,0.101064350444173,0.131823065796747,FALSE,565,0.752919276897252,1.64244940807662,"DiseaseGroupHealthy_Obese","GrimAgeV1_EAA_resid ~ DiseaseGroup + Sex + Dataset","Sex + Dataset","Global clock-age residuals within each matrix: lm(Clock ~ Age)"
"sensitivity","ComBat","ComBat betas","DiseaseGroup","GrimAgeV1","Healthy","MASH","MASH vs Healthy",0.941246371710763,-0.0196594900570094,1.90215223347853,0.0548580214913153,0.0783686021304504,FALSE,565,0.489196019740436,1.92406792722921,"DiseaseGroupMASH","GrimAgeV1_EAA_resid ~ DiseaseGroup + Sex + Dataset","Sex + Dataset","Global clock-age residuals within each matrix: lm(Clock ~ Age)"
"sensitivity","ComBat","ComBat betas","DiseaseGroup","GrimAgeV1","Healthy","MASL","MASL vs Healthy",1.38606672818311,0.344447048800673,2.42768640756556,0.00919751920654018,0.0167227621937094,TRUE,565,0.530287327314012,2.61380322853227,"DiseaseGroupMASL","GrimAgeV1_EAA_resid ~ DiseaseGroup + Sex + Dataset","Sex + Dataset","Global clock-age residuals within each matrix: lm(Clock ~ Age)"
"sensitivity","ComBat","ComBat betas","DiseaseGroup","GrimAgeV1","Healthy","Mild_Fibrosis","Mild_Fibrosis vs Healthy",0.923530271871741,-0.843589367872945,2.69064991161643,0.305077069350467,0.352012003096693,FALSE,565,0.899638485478586,1.02655709685479,"DiseaseGroupMild_Fibrosis","GrimAgeV1_EAA_resid ~ DiseaseGroup + Sex + Dataset","Sex + Dataset","Global clock-age residuals within each matrix: lm(Clock ~ Age)"
"sensitivity","ComBat","ComBat betas","DiseaseGroup","PCHannum","Healthy","Advanced_Fibrosis","Advanced_Fibrosis vs Healthy",2.15239491937604,-0.655847968412041,4.96063780716413,0.132761525800655,0.165951907250819,FALSE,565,1.42967308019433,1.50551545608138,"DiseaseGroupAdvanced_Fibrosis","PCHannum_EAA_resid ~ DiseaseGroup + Sex + Dataset","Sex + Dataset","Global clock-age residuals within each matrix: lm(Clock ~ Age)"
"sensitivity","ComBat","ComBat betas","DiseaseGroup","PCHannum","Healthy","Healthy_Obese","Healthy_Obese vs Healthy",2.41481484110439,-0.26163041398717,5.09126009619594,0.0769036770603167,0.102538236080422,FALSE,565,1.36257506373751,1.77224353018806,"DiseaseGroupHealthy_Obese","PCHannum_EAA_resid ~ DiseaseGroup + Sex + Dataset","Sex + Dataset","Global clock-age residuals within each matrix: lm(Clock ~ Age)"
"sensitivity","ComBat","ComBat betas","DiseaseGroup","PCHannum","Healthy","MASH","MASH vs Healthy",4.23450732664977,2.49553423083588,5.97348042246365,2.21608627009792e-06,1.20877432914432e-05,TRUE,565,0.885309113780232,4.78308340074418,"DiseaseGroupMASH","PCHannum_EAA_resid ~ DiseaseGroup + Sex + Dataset","Sex + Dataset","Global clock-age residuals within each matrix: lm(Clock ~ Age)"
"sensitivity","ComBat","ComBat betas","DiseaseGroup","PCHannum","Healthy","MASL","MASL vs Healthy",3.2982208842754,1.41317816512285,5.18326360342796,0.00063276343453769,0.0016506872205331,TRUE,565,0.959672983525811,3.43681747938536,"DiseaseGroupMASL","PCHannum_EAA_resid ~ DiseaseGroup + Sex + Dataset","Sex + Dataset","Global clock-age residuals within each matrix: lm(Clock ~ Age)"
"sensitivity","ComBat","ComBat betas","DiseaseGroup","PCHannum","Healthy","Mild_Fibrosis","Mild_Fibrosis vs Healthy",4.71445080420798,1.51645437930637,7.91244722910958,0.00393263233607213,0.00813648069532165,TRUE,565,1.62809613766733,2.89568330464971,"DiseaseGroupMild_Fibrosis","PCHannum_EAA_resid ~ DiseaseGroup + Sex + Dataset","Sex + Dataset","Global clock-age residuals within each matrix: lm(Clock ~ Age)"
"sensitivity","ComBat","ComBat betas","DiseaseGroup","PCHorvath1","Healthy","Advanced_Fibrosis","Advanced_Fibrosis vs Healthy",10.1051485649927,6.98428241840169,13.2260147115837,4.22178081137209e-10,6.33267121705813e-09,TRUE,565,1.588829205648,6.3601226167487,"DiseaseGroupAdvanced_Fibrosis","PCHorvath1_EAA_resid ~ DiseaseGroup + Sex + Dataset","Sex + Dataset","Global clock-age residuals within each matrix: lm(Clock ~ Age)"
"sensitivity","ComBat","ComBat betas","DiseaseGroup","PCHorvath1","Healthy","Healthy_Obese","Healthy_Obese vs Healthy",3.7951200633944,0.820723715363952,6.76951641142485,0.012487362452314,0.0214069070611097,TRUE,565,1.51426160717775,2.50625126160841,"DiseaseGroupHealthy_Obese","PCHorvath1_EAA_resid ~ DiseaseGroup + Sex + Dataset","Sex + Dataset","Global clock-age residuals within each matrix: lm(Clock ~ Age)"
"sensitivity","ComBat","ComBat betas","DiseaseGroup","PCHorvath1","Healthy","MASH","MASH vs Healthy",9.51085033235392,7.57828876933586,11.443411895372,1.56433009402821e-20,9.38598056416926e-19,TRUE,565,0.983864769845971,9.6668268077562,"DiseaseGroupMASH","PCHorvath1_EAA_resid ~ DiseaseGroup + Sex + Dataset","Sex + Dataset","Global clock-age residuals within each matrix: lm(Clock ~ Age)"
"sensitivity","ComBat","ComBat betas","DiseaseGroup","PCHorvath1","Healthy","MASL","MASL vs Healthy",4.55868569526571,2.4637935359501,6.65357785458131,2.25646526745013e-05,9.02586106980052e-05,TRUE,565,1.06650708138808,4.27440733851716,"DiseaseGroupMASL","PCHorvath1_EAA_resid ~ DiseaseGroup + Sex + Dataset","Sex + Dataset","Global clock-age residuals within each matrix: lm(Clock ~ Age)"
"sensitivity","ComBat","ComBat betas","DiseaseGroup","PCHorvath1","Healthy","Mild_Fibrosis","Mild_Fibrosis vs Healthy",9.24088996425123,5.68688157601824,12.7948983524842,4.50162953551299e-07,3.00108635700866e-06,TRUE,565,1.80934140046685,5.10732245548955,"DiseaseGroupMild_Fibrosis","PCHorvath1_EAA_resid ~ DiseaseGroup + Sex + Dataset","Sex + Dataset","Global clock-age residuals within each matrix: lm(Clock ~ Age)"
"sensitivity","ComBat","ComBat betas","DiseaseGroup","PCHorvath2","Healthy","Advanced_Fibrosis","Advanced_Fibrosis vs Healthy",10.8459767956103,7.24234509245615,14.4496084987645,5.91686813738139e-09,5.07160126061262e-08,TRUE,565,1.83460457047302,5.91188802762759,"DiseaseGroupAdvanced_Fibrosis","PCHorvath2_EAA_resid ~ DiseaseGroup + Sex + Dataset","Sex + Dataset","Global clock-age residuals within each matrix: lm(Clock ~ Age)"
"sensitivity","ComBat","ComBat betas","DiseaseGroup","PCHorvath2","Healthy","Healthy_Obese","Healthy_Obese vs Healthy",4.00580315848666,0.57129860941564,7.44030770755768,0.0223385037472289,0.0335077556208433,TRUE,565,1.74850213952802,2.2909912821542,"DiseaseGroupHealthy_Obese","PCHorvath2_EAA_resid ~ DiseaseGroup + Sex + Dataset","Sex + Dataset","Global clock-age residuals within each matrix: lm(Clock ~ Age)"
"sensitivity","ComBat","ComBat betas","DiseaseGroup","PCHorvath2","Healthy","MASH","MASH vs Healthy",10.7642729304106,8.5327641794197,12.9957816814015,7.6815294315644e-20,2.30445882946932e-18,TRUE,565,1.13605842407123,9.47510506707504,"DiseaseGroupMASH","PCHorvath2_EAA_resid ~ DiseaseGroup + Sex + Dataset","Sex + Dataset","Global clock-age residuals within each matrix: lm(Clock ~ Age)"
"sensitivity","ComBat","ComBat betas","DiseaseGroup","PCHorvath2","Healthy","MASL","MASL vs Healthy",6.48168500667142,4.06273480329758,8.90063521004525,2.02638536656003e-07,1.51978902492002e-06,TRUE,565,1.23148464227683,5.26330965418109,"DiseaseGroupMASL","PCHorvath2_EAA_resid ~ DiseaseGroup + Sex + Dataset","Sex + Dataset","Global clock-age residuals within each matrix: lm(Clock ~ Age)"
"sensitivity","ComBat","ComBat betas","DiseaseGroup","PCHorvath2","Healthy","Mild_Fibrosis","Mild_Fibrosis vs Healthy",10.3604092363528,6.2566326885819,14.4641857841237,9.43766046989996e-07,5.66259628193998e-06,TRUE,565,2.08922770996567,4.95896602698374,"DiseaseGroupMild_Fibrosis","PCHorvath2_EAA_resid ~ DiseaseGroup + Sex + Dataset","Sex + Dataset","Global clock-age residuals within each matrix: lm(Clock ~ Age)"
"sensitivity","ComBat","ComBat betas","DiseaseGroup","PCPhenoAge","Healthy","Advanced_Fibrosis","Advanced_Fibrosis vs Healthy",-0.548249351845264,-4.01294113453645,2.91644243084593,0.756053017610693,0.782123811321407,FALSE,565,1.76387042389543,-0.31082178396896,"DiseaseGroupAdvanced_Fibrosis","PCPhenoAge_EAA_resid ~ DiseaseGroup + Sex + Dataset","Sex + Dataset","Global clock-age residuals within each matrix: lm(Clock ~ Age)"
"sensitivity","ComBat","ComBat betas","DiseaseGroup","PCPhenoAge","Healthy","Healthy_Obese","Healthy_Obese vs Healthy",3.11866239385339,-0.183423021358852,6.42074780906563,0.0641064486990711,0.0894508586498667,FALSE,565,1.6810877175762,1.85514554728286,"DiseaseGroupHealthy_Obese","PCPhenoAge_EAA_resid ~ DiseaseGroup + Sex + Dataset","Sex + Dataset","Global clock-age residuals within each matrix: lm(Clock ~ Age)"
"sensitivity","ComBat","ComBat betas","DiseaseGroup","PCPhenoAge","Healthy","MASH","MASH vs Healthy",2.72137045781538,0.575898703364315,4.86684221226645,0.0130115270110572,0.021685878351762,TRUE,565,1.09225709250241,2.49151090571597,"DiseaseGroupMASH","PCPhenoAge_EAA_resid ~ DiseaseGroup + Sex + Dataset","Sex + Dataset","Global clock-age residuals within each matrix: lm(Clock ~ Age)"
"sensitivity","ComBat","ComBat betas","DiseaseGroup","PCPhenoAge","Healthy","MASL","MASL vs Healthy",4.1560798146267,1.83039351182476,6.48176611742864,0.0004842283071343,0.00138350944895514,TRUE,565,1.1840041025481,3.51019038336301,"DiseaseGroupMASL","PCPhenoAge_EAA_resid ~ DiseaseGroup + Sex + Dataset","Sex + Dataset","Global clock-age residuals within each matrix: lm(Clock ~ Age)"
"sensitivity","ComBat","ComBat betas","DiseaseGroup","PCPhenoAge","Healthy","Mild_Fibrosis","Mild_Fibrosis vs Healthy",5.07424770140512,1.12869442230125,9.01980098050899,0.011809043008446,0.0208394876619635,TRUE,565,2.00867643398549,2.52616479964228,"DiseaseGroupMild_Fibrosis","PCPhenoAge_EAA_resid ~ DiseaseGroup + Sex + Dataset","Sex + Dataset","Global clock-age residuals within each matrix: lm(Clock ~ Age)"
"sensitivity","ComBat","ComBat betas","DiseaseGroup","PCGrimAge","Healthy","Advanced_Fibrosis","Advanced_Fibrosis vs Healthy",1.15286963151173,0.359231113483816,1.94650814953964,0.0044877839907006,0.0089755679814012,TRUE,565,0.404040416006728,2.85335225348479,"DiseaseGroupAdvanced_Fibrosis","PCGrimAge_EAA_resid ~ DiseaseGroup + Sex + Dataset","Sex + Dataset","Global clock-age residuals within each matrix: lm(Clock ~ Age)"
"sensitivity","ComBat","ComBat betas","DiseaseGroup","PCGrimAge","Healthy","Healthy_Obese","Healthy_Obese vs Healthy",0.923015961529711,0.166624819199862,1.67940710385956,0.0168620516164008,0.0268368943761985,TRUE,565,0.385077821789904,2.39695954765555,"DiseaseGroupHealthy_Obese","PCGrimAge_EAA_resid ~ DiseaseGroup + Sex + Dataset","Sex + Dataset","Global clock-age residuals within each matrix: lm(Clock ~ Age)"
"sensitivity","ComBat","ComBat betas","DiseaseGroup","PCGrimAge","Healthy","MASH","MASH vs Healthy",0.904943769773581,0.413491966707076,1.39639557284009,0.00032537142136031,0.00102748869903256,TRUE,565,0.250197522483735,3.61691738906971,"DiseaseGroupMASH","PCGrimAge_EAA_resid ~ DiseaseGroup + Sex + Dataset","Sex + Dataset","Global clock-age residuals within each matrix: lm(Clock ~ Age)"
"sensitivity","ComBat","ComBat betas","DiseaseGroup","PCGrimAge","Healthy","MASL","MASL vs Healthy",1.12533253900974,0.592599947910431,1.65806513010904,3.86019255470532e-05,0.00013624209016607,TRUE,565,0.271213522074208,4.14924938256518,"DiseaseGroupMASL","PCGrimAge_EAA_resid ~ DiseaseGroup + Sex + Dataset","Sex + Dataset","Global clock-age residuals within each matrix: lm(Clock ~ Age)"
"sensitivity","ComBat","ComBat betas","DiseaseGroup","PCGrimAge","Healthy","Mild_Fibrosis","Mild_Fibrosis vs Healthy",0.643397448935653,-0.260389454381879,1.54718435225319,0.162572004943839,0.195086405932607,FALSE,565,0.4601168266193,1.39833496997492,"DiseaseGroupMild_Fibrosis","PCGrimAge_EAA_resid ~ DiseaseGroup + Sex + Dataset","Sex + Dataset","Global clock-age residuals within each matrix: lm(Clock ~ Age)"
"sensitivity","ComBat","ComBat betas","DiseaseGroup","HepClock","Healthy","Advanced_Fibrosis","Advanced_Fibrosis vs Healthy",5.2574016420793,2.28745569831813,8.22734758584046,0.00054659111181458,0.00149070303222158,TRUE,565,1.51199591171122,3.47712688993264,"DiseaseGroupAdvanced_Fibrosis","HepClock_EAA_resid ~ DiseaseGroup + Sex + Dataset","Sex + Dataset","Global clock-age residuals within each matrix: lm(Clock ~ Age)"
"sensitivity","ComBat","ComBat betas","DiseaseGroup","HepClock","Healthy","Healthy_Obese","Healthy_Obese vs Healthy",1.13618683686732,-1.69437235857284,3.96674603230748,0.430769421896545,0.469930278432594,FALSE,565,1.44103428560795,0.788452327758447,"DiseaseGroupHealthy_Obese","HepClock_EAA_resid ~ DiseaseGroup + Sex + Dataset","Sex + Dataset","Global clock-age residuals within each matrix: lm(Clock ~ Age)"
"sensitivity","ComBat","ComBat betas","DiseaseGroup","HepClock","Healthy","MASH","MASH vs Healthy",3.94494603415252,2.10584012394752,5.78405194435753,2.93651971661665e-05,0.000110119489373124,TRUE,565,0.936286609281642,4.21339576476401,"DiseaseGroupMASH","HepClock_EAA_resid ~ DiseaseGroup + Sex + Dataset","Sex + Dataset","Global clock-age residuals within each matrix: lm(Clock ~ Age)"
"sensitivity","ComBat","ComBat betas","DiseaseGroup","HepClock","Healthy","MASL","MASL vs Healthy",3.23137811416194,1.23779166125605,5.22496456706784,0.00153498712107196,0.0036839690905727,TRUE,565,1.01493246796918,3.18383559117755,"DiseaseGroupMASL","HepClock_EAA_resid ~ DiseaseGroup + Sex + Dataset","Sex + Dataset","Global clock-age residuals within each matrix: lm(Clock ~ Age)"
"sensitivity","ComBat","ComBat betas","DiseaseGroup","HepClock","Healthy","Mild_Fibrosis","Mild_Fibrosis vs Healthy",5.32668437407175,1.9445422696257,8.7088264785178,0.00207719364036505,0.00461598586747789,TRUE,565,1.72184448188059,3.09359203466156,"DiseaseGroupMild_Fibrosis","HepClock_EAA_resid ~ DiseaseGroup + Sex + Dataset","Sex + Dataset","Global clock-age residuals within each matrix: lm(Clock ~ Age)"
"sensitivity","ComBat","ComBat betas","DiseaseGroup","LiverClock","Healthy","Advanced_Fibrosis","Advanced_Fibrosis vs Healthy",3.20889575909979,0.848385012885076,5.56940650531451,0.00780267262451145,0.014630011170959,TRUE,565,1.20173318484953,2.67022314067293,"DiseaseGroupAdvanced_Fibrosis","LiverClock_EAA_resid ~ DiseaseGroup + Sex + Dataset","Sex + Dataset","Global clock-age residuals within each matrix: lm(Clock ~ Age)"
"sensitivity","ComBat","ComBat betas","DiseaseGroup","LiverClock","Healthy","Healthy_Obese","Healthy_Obese vs Healthy",0.287507327982458,-1.96221893813664,2.53723359410156,0.80188777152216,0.815479089683552,FALSE,565,1.14533293913546,0.25102511082889,"DiseaseGroupHealthy_Obese","LiverClock_EAA_resid ~ DiseaseGroup + Sex + Dataset","Sex + Dataset","Global clock-age residuals within each matrix: lm(Clock ~ Age)"
"sensitivity","ComBat","ComBat betas","DiseaseGroup","LiverClock","Healthy","MASH","MASH vs Healthy",2.07456895649459,0.612848997050432,3.53628891593875,0.00548894240121722,0.0106237594862269,TRUE,565,0.744159875161683,2.78780007594988,"DiseaseGroupMASH","LiverClock_EAA_resid ~ DiseaseGroup + Sex + Dataset","Sex + Dataset","Global clock-age residuals within each matrix: lm(Clock ~ Age)"
"sensitivity","ComBat","ComBat betas","DiseaseGroup","LiverClock","Healthy","MASL","MASL vs Healthy",1.21768770816378,-0.36681326751151,2.80218868383907,0.131733856390356,0.165951907250819,FALSE,565,0.806667543009037,1.50952857681809,"DiseaseGroupMASL","LiverClock_EAA_resid ~ DiseaseGroup + Sex + Dataset","Sex + Dataset","Global clock-age residuals within each matrix: lm(Clock ~ Age)"
"sensitivity","ComBat","ComBat betas","DiseaseGroup","LiverClock","Healthy","Mild_Fibrosis","Mild_Fibrosis vs Healthy",3.27625591108331,0.58813197416759,5.96437984799904,0.0169966997715924,0.0268368943761985,TRUE,565,1.36852066662278,2.39401274017179,"DiseaseGroupMild_Fibrosis","LiverClock_EAA_resid ~ DiseaseGroup + Sex + Dataset","Sex + Dataset","Global clock-age residuals within each matrix: lm(Clock ~ Age)"
"primary","Raw/pre-ComBat","Raw betas","Progression3","Horvath1","Healthy","Advanced","Advanced vs Healthy",4.60373789226102,3.43541051466179,5.77206526986025,4.70679282790657e-14,1.61375754099654e-13,TRUE,565,0.594801078075252,7.73996225285686,"Progression3Advanced","Horvath1_EAA_resid ~ Progression3 + Sex + Dataset","Sex + Dataset","Global clock-age residuals within each matrix: lm(Clock ~ Age)"
"primary","Raw/pre-ComBat","Raw betas","Progression3","Horvath1","Healthy","Mild","Mild vs Healthy",4.70565949764369,3.30988276322476,6.10143623206262,8.34935341994815e-11,2.50480602598444e-10,TRUE,565,0.710596637811154,6.62212463056186,"Progression3Mild","Horvath1_EAA_resid ~ Progression3 + Sex + Dataset","Sex + Dataset","Global clock-age residuals within each matrix: lm(Clock ~ Age)"
"primary","Raw/pre-ComBat","Raw betas","Progression3","Horvath2","Healthy","Advanced","Advanced vs Healthy",-2.99010765154308,-4.63898740519511,-1.34122789789106,0.00039959801182385,0.000564138369633671,TRUE,565,0.839452600266902,-3.56197318418263,"Progression3Advanced","Horvath2_EAA_resid ~ Progression3 + Sex + Dataset","Sex + Dataset","Global clock-age residuals within each matrix: lm(Clock ~ Age)"
"primary","Raw/pre-ComBat","Raw betas","Progression3","Horvath2","Healthy","Mild","Mild vs Healthy",0.249923830098521,-1.71995896313976,2.2198066233368,0.803292599190813,0.803292599190813,FALSE,565,1.00287678913054,0.249206914356046,"Progression3Mild","Horvath2_EAA_resid ~ Progression3 + Sex + Dataset","Sex + Dataset","Global clock-age residuals within each matrix: lm(Clock ~ Age)"
"primary","Raw/pre-ComBat","Raw betas","Progression3","Hannum","Healthy","Advanced","Advanced vs Healthy",-5.06128674742348,-6.24565519485866,-3.87691829998831,3.89885739380684e-16,1.87145154902728e-15,TRUE,565,0.602967663755634,-8.39396049184269,"Progression3Advanced","Hannum_EAA_resid ~ Progression3 + Sex + Dataset","Sex + Dataset","Global clock-age residuals within each matrix: lm(Clock ~ Age)"
"primary","Raw/pre-ComBat","Raw betas","Progression3","Hannum","Healthy","Mild","Mild vs Healthy",-1.96599803144283,-3.38093870270129,-0.551057360184374,0.00654922037746102,0.00785906445295322,TRUE,565,0.720353090078616,-2.72921440682412,"Progression3Mild","Hannum_EAA_resid ~ Progression3 + Sex + Dataset","Sex + Dataset","Global clock-age residuals within each matrix: lm(Clock ~ Age)"
"primary","Raw/pre-ComBat","Raw betas","Progression3","PhenoAge","Healthy","Advanced","Advanced vs Healthy",4.73115878573571,3.2215338642995,6.24078370717193,1.42897485099042e-09,3.81059960264112e-09,TRUE,565,0.768557296504219,6.15589599793714,"Progression3Advanced","PhenoAge_EAA_resid ~ Progression3 + Sex + Dataset","Sex + Dataset","Global clock-age residuals within each matrix: lm(Clock ~ Age)"
"primary","Raw/pre-ComBat","Raw betas","Progression3","PhenoAge","Healthy","Mild","Mild vs Healthy",5.61412539207793,3.8106074882439,7.41764329591196,1.82465892585487e-09,4.37918142205169e-09,TRUE,565,0.918179625074643,6.11440859583607,"Progression3Mild","PhenoAge_EAA_resid ~ Progression3 + Sex + Dataset","Sex + Dataset","Global clock-age residuals within each matrix: lm(Clock ~ Age)"
"primary","Raw/pre-ComBat","Raw betas","Progression3","GrimAgeV1","Healthy","Advanced","Advanced vs Healthy",1.58030772721941,1.00291629788713,2.15769915655168,1.12153199138825e-07,2.070520599486e-07,TRUE,565,0.293952749223391,5.37606037499055,"Progression3Advanced","GrimAgeV1_EAA_resid ~ Progression3 + Sex + Dataset","Sex + Dataset","Global clock-age residuals within each matrix: lm(Clock ~ Age)"
"primary","Raw/pre-ComBat","Raw betas","Progression3","GrimAgeV1","Healthy","Mild","Mild vs Healthy",0.514123521298502,-0.175674166547286,1.20392120914429,0.143760398553558,0.156829525694791,FALSE,565,0.351179315191254,1.46399146834291,"Progression3Mild","GrimAgeV1_EAA_resid ~ Progression3 + Sex + Dataset","Sex + Dataset","Global clock-age residuals within each matrix: lm(Clock ~ Age)"
"primary","Raw/pre-ComBat","Raw betas","Progression3","PCHannum","Healthy","Advanced","Advanced vs Healthy",-0.188434665671628,-1.2438847145299,0.86701538318664,0.725958033947418,0.75752142672774,FALSE,565,0.537334687992584,-0.3506839775701,"Progression3Advanced","PCHannum_EAA_resid ~ Progression3 + Sex + Dataset","Sex + Dataset","Global clock-age residuals within each matrix: lm(Clock ~ Age)"
"primary","Raw/pre-ComBat","Raw betas","Progression3","PCHannum","Healthy","Mild","Mild vs Healthy",3.3608842207109,2.09995971377613,4.62180872764566,2.33557273496531e-07,4.00383897422625e-07,TRUE,565,0.641942721258027,5.23548925693014,"Progression3Mild","PCHannum_EAA_resid ~ Progression3 + Sex + Dataset","Sex + Dataset","Global clock-age residuals within each matrix: lm(Clock ~ Age)"
"primary","Raw/pre-ComBat","Raw betas","Progression3","PCHorvath1","Healthy","Advanced","Advanced vs Healthy",6.8620834003312,5.6623019202136,8.0618648804488,1.5471478393763e-26,3.71315481450312e-25,TRUE,565,0.610814512705416,11.2343162410102,"Progression3Advanced","PCHorvath1_EAA_resid ~ Progression3 + Sex + Dataset","Sex + Dataset","Global clock-age residuals within each matrix: lm(Clock ~ Age)"
"primary","Raw/pre-ComBat","Raw betas","Progression3","PCHorvath1","Healthy","Mild","Mild vs Healthy",6.36025244148262,4.9268981364795,7.79360674648573,3.30858934997129e-17,1.98515360998277e-16,TRUE,565,0.729727559437634,8.71592741595803,"Progression3Mild","PCHorvath1_EAA_resid ~ Progression3 + Sex + Dataset","Sex + Dataset","Global clock-age residuals within each matrix: lm(Clock ~ Age)"
"primary","Raw/pre-ComBat","Raw betas","Progression3","PCHorvath2","Healthy","Advanced","Advanced vs Healthy",7.48791511691055,6.1073529132689,8.86847732055219,3.01588942174769e-24,3.61906730609723e-23,TRUE,565,0.702850847134456,10.65363319606,"Progression3Advanced","PCHorvath2_EAA_resid ~ Progression3 + Sex + Dataset","Sex + Dataset","Global clock-age residuals within each matrix: lm(Clock ~ Age)"
"primary","Raw/pre-ComBat","Raw betas","Progression3","PCHorvath2","Healthy","Mild","Mild vs Healthy",7.7755097448422,6.1261804205386,9.4248390691458,4.39007977507407e-19,3.51206382005926e-18,TRUE,565,0.839681478844391,9.26007056335602,"Progression3Mild","PCHorvath2_EAA_resid ~ Progression3 + Sex + Dataset","Sex + Dataset","Global clock-age residuals within each matrix: lm(Clock ~ Age)"
"primary","Raw/pre-ComBat","Raw betas","Progression3","PCPhenoAge","Healthy","Advanced","Advanced vs Healthy",-3.37340498148291,-4.70503177684875,-2.04177818611708,8.66440097628721e-07,1.38630415620595e-06,TRUE,565,0.677937595800474,-4.97598156877518,"Progression3Advanced","PCPhenoAge_EAA_resid ~ Progression3 + Sex + Dataset","Sex + Dataset","Global clock-age residuals within each matrix: lm(Clock ~ Age)"
"primary","Raw/pre-ComBat","Raw betas","Progression3","PCPhenoAge","Healthy","Mild","Mild vs Healthy",2.30764028597825,0.716773089388384,3.89850748256812,0.0045446451761116,0.00574060443298307,TRUE,565,0.809918128898626,2.84922661148024,"Progression3Mild","PCPhenoAge_EAA_resid ~ Progression3 + Sex + Dataset","Sex + Dataset","Global clock-age residuals within each matrix: lm(Clock ~ Age)"
"primary","Raw/pre-ComBat","Raw betas","Progression3","PCGrimAge","Healthy","Advanced","Advanced vs Healthy",0.431351142618072,0.103690281797774,0.759012003438371,0.00996736793374508,0.0113912776385658,TRUE,565,0.166813717623788,2.58582536713731,"Progression3Advanced","PCGrimAge_EAA_resid ~ Progression3 + Sex + Dataset","Sex + Dataset","Global clock-age residuals within each matrix: lm(Clock ~ Age)"
"primary","Raw/pre-ComBat","Raw betas","Progression3","PCGrimAge","Healthy","Mild","Mild vs Healthy",0.763983656443501,0.372533952292569,1.15543336059443,0.00014071317253887,0.000211069758808305,TRUE,565,0.199288924068235,3.83354800080068,"Progression3Mild","PCGrimAge_EAA_resid ~ Progression3 + Sex + Dataset","Sex + Dataset","Global clock-age residuals within each matrix: lm(Clock ~ Age)"
"primary","Raw/pre-ComBat","Raw betas","Progression3","HepClock","Healthy","Advanced","Advanced vs Healthy",4.45397892838401,3.3949328570965,5.51302499967151,1.0591053676262e-15,4.2364214705048e-15,TRUE,565,0.53916544027889,8.26087615348664,"Progression3Advanced","HepClock_EAA_resid ~ Progression3 + Sex + Dataset","Sex + Dataset","Global clock-age residuals within each matrix: lm(Clock ~ Age)"
"primary","Raw/pre-ComBat","Raw betas","Progression3","HepClock","Healthy","Mild","Mild vs Healthy",3.58158448856189,2.3163638874506,4.84680508967318,4.18239631625158e-08,8.36479263250316e-08,TRUE,565,0.64412988343252,5.56034517367194,"Progression3Mild","HepClock_EAA_resid ~ Progression3 + Sex + Dataset","Sex + Dataset","Global clock-age residuals within each matrix: lm(Clock ~ Age)"
"primary","Raw/pre-ComBat","Raw betas","Progression3","LiverClock","Healthy","Advanced","Advanced vs Healthy",2.82402664806209,1.8876428731443,3.76041042297988,5.50812810312101e-09,1.20177340431731e-08,TRUE,565,0.476717476190419,5.92389998082233,"Progression3Advanced","LiverClock_EAA_resid ~ Progression3 + Sex + Dataset","Sex + Dataset","Global clock-age residuals within each matrix: lm(Clock ~ Age)"
"primary","Raw/pre-ComBat","Raw betas","Progression3","LiverClock","Healthy","Mild","Mild vs Healthy",1.79973539079656,0.681056917128237,2.91841386446489,0.001662976371189,0.002217301828252,TRUE,565,0.569524582677156,3.16006621230741,"Progression3Mild","LiverClock_EAA_resid ~ Progression3 + Sex + Dataset","Sex + Dataset","Global clock-age residuals within each matrix: lm(Clock ~ Age)"
"sensitivity","ComBat","ComBat betas","Progression3","Horvath1","Healthy","Advanced","Advanced vs Healthy",4.7324065916467,3.49920131507617,5.96561186821723,1.95031951504933e-13,9.36153367223678e-13,TRUE,565,0.62783072797585,7.53771101153993,"Progression3Advanced","Horvath1_EAA_resid ~ Progression3 + Sex + Dataset","Sex + Dataset","Global clock-age residuals within each matrix: lm(Clock ~ Age)"
"sensitivity","ComBat","ComBat betas","Progression3","Horvath1","Healthy","Mild","Mild vs Healthy",5.17289913587392,3.69961410737718,6.64618416437066,1.44940971586247e-11,4.9694047400999e-11,TRUE,565,0.750056482509813,6.89667945881161,"Progression3Mild","Horvath1_EAA_resid ~ Progression3 + Sex + Dataset","Sex + Dataset","Global clock-age residuals within each matrix: lm(Clock ~ Age)"
"sensitivity","ComBat","ComBat betas","Progression3","Horvath2","Healthy","Advanced","Advanced vs Healthy",-2.94251691034507,-4.71592512088628,-1.16910869980387,0.00118565998563323,0.00158087998084431,TRUE,565,0.902850635636862,-3.25914032088979,"Progression3Advanced","Horvath2_EAA_resid ~ Progression3 + Sex + Dataset","Sex + Dataset","Global clock-age residuals within each matrix: lm(Clock ~ Age)"
"sensitivity","ComBat","ComBat betas","Progression3","Horvath2","Healthy","Mild","Mild vs Healthy",1.47343482187711,-0.645219562467902,3.59208920622213,0.17247748290372,0.179976503899534,FALSE,565,1.07861712054269,1.36604064020027,"Progression3Mild","Horvath2_EAA_resid ~ Progression3 + Sex + Dataset","Sex + Dataset","Global clock-age residuals within each matrix: lm(Clock ~ Age)"
"sensitivity","ComBat","ComBat betas","Progression3","Hannum","Healthy","Advanced","Advanced vs Healthy",-4.77838816253202,-6.06042206264373,-3.4963542624203,8.6530331787848e-13,3.46121327151392e-12,TRUE,565,0.652689614688674,-7.32107276566865,"Progression3Advanced","Hannum_EAA_resid ~ Progression3 + Sex + Dataset","Sex + Dataset","Global clock-age residuals within each matrix: lm(Clock ~ Age)"
"sensitivity","ComBat","ComBat betas","Progression3","Hannum","Healthy","Mild","Mild vs Healthy",-1.85807704575117,-3.3896966284313,-0.326457463071044,0.0175112575792891,0.0210135090951469,TRUE,565,0.779754884158685,-2.38289888720087,"Progression3Mild","Hannum_EAA_resid ~ Progression3 + Sex + Dataset","Sex + Dataset","Global clock-age residuals within each matrix: lm(Clock ~ Age)"
"sensitivity","ComBat","ComBat betas","Progression3","PhenoAge","Healthy","Advanced","Advanced vs Healthy",4.96395351873799,3.37557633863082,6.55233069884516,1.58285954739774e-09,4.22095879306064e-09,TRUE,565,0.808650449550587,6.13856521256711,"Progression3Advanced","PhenoAge_EAA_resid ~ Progression3 + Sex + Dataset","Sex + Dataset","Global clock-age residuals within each matrix: lm(Clock ~ Age)"
"sensitivity","ComBat","ComBat betas","Progression3","PhenoAge","Healthy","Mild","Mild vs Healthy",5.06371582122183,3.16611421059173,6.96131743185193,2.2639985585947e-07,4.93963321875207e-07,TRUE,565,0.966078091980906,5.24151811665543,"Progression3Mild","PhenoAge_EAA_resid ~ Progression3 + Sex + Dataset","Sex + Dataset","Global clock-age residuals within each matrix: lm(Clock ~ Age)"
"sensitivity","ComBat","ComBat betas","Progression3","GrimAgeV1","Healthy","Advanced","Advanced vs Healthy",1.64236008706206,1.00217542481747,2.28254474930665,6.33053528383666e-07,1.26610705676733e-06,TRUE,565,0.325921085623093,5.0391341938562,"Progression3Advanced","GrimAgeV1_EAA_resid ~ Progression3 + Sex + Dataset","Sex + Dataset","Global clock-age residuals within each matrix: lm(Clock ~ Age)"
"sensitivity","ComBat","ComBat betas","Progression3","GrimAgeV1","Healthy","Mild","Mild vs Healthy",0.864549937441715,0.0997344632644495,1.62936541161898,0.0267950030453739,0.0306228606232845,TRUE,565,0.389371230437195,2.22037446493152,"Progression3Mild","GrimAgeV1_EAA_resid ~ Progression3 + Sex + Dataset","Sex + Dataset","Global clock-age residuals within each matrix: lm(Clock ~ Age)"
"sensitivity","ComBat","ComBat betas","Progression3","PCHannum","Healthy","Advanced","Advanced vs Healthy",-0.155052105459565,-1.31483794988388,1.00473373896475,0.792956951958179,0.792956951958179,FALSE,565,0.590452542520696,-0.262598759923419,"Progression3Advanced","PCHannum_EAA_resid ~ Progression3 + Sex + Dataset","Sex + Dataset","Global clock-age residuals within each matrix: lm(Clock ~ Age)"
"sensitivity","ComBat","ComBat betas","Progression3","PCHannum","Healthy","Mild","Mild vs Healthy",3.46245845969451,2.07688611961778,4.84803079977125,1.20721248744764e-06,2.18009258148094e-06,TRUE,565,0.705401531651513,4.90849297078796,"Progression3Mild","PCHannum_EAA_resid ~ Progression3 + Sex + Dataset","Sex + Dataset","Global clock-age residuals within each matrix: lm(Clock ~ Age)"
"sensitivity","ComBat","ComBat betas","Progression3","PCHorvath1","Healthy","Advanced","Advanced vs Healthy",6.51630440961605,5.19934795184132,7.83326086739078,9.9243499540498e-21,2.38184398897195e-19,TRUE,565,0.670468856487997,9.71902624045702,"Progression3Advanced","PCHorvath1_EAA_resid ~ Progression3 + Sex + Dataset","Sex + Dataset","Global clock-age residuals within each matrix: lm(Clock ~ Age)"
"sensitivity","ComBat","ComBat betas","Progression3","PCHorvath1","Healthy","Mild","Mild vs Healthy",6.88709319251294,5.31375234708829,8.46043403793759,8.22117520028876e-17,4.93270512017326e-16,TRUE,565,0.800995379361406,8.59816844137563,"Progression3Mild","PCHorvath1_EAA_resid ~ Progression3 + Sex + Dataset","Sex + Dataset","Global clock-age residuals within each matrix: lm(Clock ~ Age)"
"sensitivity","ComBat","ComBat betas","Progression3","PCHorvath2","Healthy","Advanced","Advanced vs Healthy",7.05323231554827,5.54720384131094,8.55926078978561,7.18930370508376e-19,8.62716444610051e-18,TRUE,565,0.766726327965651,9.19915236804579,"Progression3Advanced","PCHorvath2_EAA_resid ~ Progression3 + Sex + Dataset","Sex + Dataset","Global clock-age residuals within each matrix: lm(Clock ~ Age)"
"sensitivity","ComBat","ComBat betas","Progression3","PCHorvath2","Healthy","Mild","Mild vs Healthy",8.33617778426516,6.53695648207122,10.1353990864591,1.58752412338052e-18,1.27001929870442e-17,TRUE,565,0.915992204548011,9.10070821877636,"Progression3Mild","PCHorvath2_EAA_resid ~ Progression3 + Sex + Dataset","Sex + Dataset","Global clock-age residuals within each matrix: lm(Clock ~ Age)"
"sensitivity","ComBat","ComBat betas","Progression3","PCPhenoAge","Healthy","Advanced","Advanced vs Healthy",-3.57003945603804,-5.0017729866719,-2.13830592540419,1.27172067253055e-06,2.18009258148094e-06,TRUE,565,0.728902415423521,-4.89782909275134,"Progression3Advanced","PCPhenoAge_EAA_resid ~ Progression3 + Sex + Dataset","Sex + Dataset","Global clock-age residuals within each matrix: lm(Clock ~ Age)"
"sensitivity","ComBat","ComBat betas","Progression3","PCPhenoAge","Healthy","Mild","Mild vs Healthy",2.89524703194739,1.18478437373883,4.60570969015594,0.00094303755917303,0.00133134714236192,TRUE,565,0.870804752688853,3.32479470628462,"Progression3Mild","PCPhenoAge_EAA_resid ~ Progression3 + Sex + Dataset","Sex + Dataset","Global clock-age residuals within each matrix: lm(Clock ~ Age)"
"sensitivity","ComBat","ComBat betas","Progression3","PCGrimAge","Healthy","Advanced","Advanced vs Healthy",0.273209040449631,-0.0552784557603175,0.601696536659579,0.102889517230502,0.112243109706002,FALSE,565,0.167234561670043,1.63368766432789,"Progression3Advanced","PCGrimAge_EAA_resid ~ Progression3 + Sex + Dataset","Sex + Dataset","Global clock-age residuals within each matrix: lm(Clock ~ Age)"
"sensitivity","ComBat","ComBat betas","Progression3","PCGrimAge","Healthy","Mild","Mild vs Healthy",0.779989474556713,0.387552206075061,1.17242674303836,0.00010620539234495,0.000159308088517425,TRUE,565,0.199791697811146,3.90401344551365,"Progression3Mild","PCGrimAge_EAA_resid ~ Progression3 + Sex + Dataset","Sex + Dataset","Global clock-age residuals within each matrix: lm(Clock ~ Age)"
"sensitivity","ComBat","ComBat betas","Progression3","HepClock","Healthy","Advanced","Advanced vs Healthy",4.15748929260834,2.93342645752972,5.38155212768696,6.12175962108251e-11,1.83652788632475e-10,TRUE,565,0.623176267111635,6.67144997654984,"Progression3Advanced","HepClock_EAA_resid ~ Progression3 + Sex + Dataset","Sex + Dataset","Global clock-age residuals within each matrix: lm(Clock ~ Age)"
"sensitivity","ComBat","ComBat betas","Progression3","HepClock","Healthy","Mild","Mild vs Healthy",3.60001836760871,2.13765562628494,5.06238110893248,1.72057853732489e-06,2.75292565971982e-06,TRUE,565,0.744495893662803,4.83551138193279,"Progression3Mild","HepClock_EAA_resid ~ Progression3 + Sex + Dataset","Sex + Dataset","Global clock-age residuals within each matrix: lm(Clock ~ Age)"
"sensitivity","ComBat","ComBat betas","Progression3","LiverClock","Healthy","Advanced","Advanced vs Healthy",2.92324866480012,1.9499242178435,3.89657311175674,6.33909400369572e-09,1.52138256088697e-08,TRUE,565,0.495524149709166,5.89930615191175,"Progression3Advanced","LiverClock_EAA_resid ~ Progression3 + Sex + Dataset","Sex + Dataset","Global clock-age residuals within each matrix: lm(Clock ~ Age)"
"sensitivity","ComBat","ComBat betas","Progression3","LiverClock","Healthy","Mild","Mild vs Healthy",1.82288154777516,0.66007081154567,2.98569228400464,0.0021776324040984,0.00275069356307166,TRUE,565,0.591992529463801,3.07923066094472,"Progression3Mild","LiverClock_EAA_resid ~ Progression3 + Sex + Dataset","Sex + Dataset","Global clock-age residuals within each matrix: lm(Clock ~ Age)"
