"Dataset","Biological_Sample_ID","Technical_Replicate_Group","Source_Profile_IDs","n_technical_profiles"
"Johnson","Johnson_individual_11",11,"GSM5463247",1
"Johnson","Johnson_individual_12",12,"GSM5463248",1
"Johnson","Johnson_individual_13",13,"GSM5463249",1
"Johnson","Johnson_individual_14",14,"GSM5463250",1
"Johnson","Johnson_individual_15",15,"GSM5463251",1
"Johnson","Johnson_individual_16",16,"GSM5463252",1
"Johnson","Johnson_individual_17",17,"GSM5463253",1
"Johnson","Johnson_individual_18",18,"GSM5463254",1
"Johnson","Johnson_individual_19",19,"GSM5463255",1
"Johnson","Johnson_individual_20",20,"GSM5463256",1
"Johnson","Johnson_individual_21",21,"GSM5463257",1
"Johnson","Johnson_individual_22",22,"GSM5463258",1
"Johnson","Johnson_individual_23",23,"GSM5463259",1
"Johnson","Johnson_individual_24",24,"GSM5463260",1
"Johnson","Johnson_individual_25",25,"GSM5463261",1
"Johnson","Johnson_individual_26",26,"GSM5463262",1
"Johnson","Johnson_individual_27",27,"GSM5463263",1
"Johnson","Johnson_individual_28",28,"GSM5463264",1
"Johnson","Johnson_individual_6",6,"GSM5463265;GSM5463571",2
"Johnson","Johnson_individual_29",29,"GSM5463266",1
"Johnson","Johnson_individual_30",30,"GSM5463267",1
"Johnson","Johnson_individual_31",31,"GSM5463268",1
"Johnson","Johnson_individual_32",32,"GSM5463269",1
"Johnson","Johnson_individual_33",33,"GSM5463270",1
"Johnson","Johnson_individual_34",34,"GSM5463271",1
"Johnson","Johnson_individual_35",35,"GSM5463272",1
"Johnson","Johnson_individual_36",36,"GSM5463273",1
"Johnson","Johnson_individual_37",37,"GSM5463274",1
"Johnson","Johnson_individual_8",8,"GSM5463275;GSM5463415",2
"Johnson","Johnson_individual_38",38,"GSM5463276",1
"Johnson","Johnson_individual_39",39,"GSM5463277",1
"Johnson","Johnson_individual_40",40,"GSM5463278",1
"Johnson","Johnson_individual_41",41,"GSM5463279",1
"Johnson","Johnson_individual_42",42,"GSM5463280",1
"Johnson","Johnson_individual_4",4,"GSM5463281;GSM5463486",2
"Johnson","Johnson_individual_43",43,"GSM5463282",1
"Johnson","Johnson_individual_44",44,"GSM5463283",1
"Johnson","Johnson_individual_45",45,"GSM5463284",1
"Johnson","Johnson_individual_46",46,"GSM5463285",1
"Johnson","Johnson_individual_47",47,"GSM5463286",1
"Johnson","Johnson_individual_48",48,"GSM5463287",1
"Johnson","Johnson_individual_49",49,"GSM5463288",1
"Johnson","Johnson_individual_50",50,"GSM5463289",1
"Johnson","Johnson_individual_51",51,"GSM5463290",1
"Johnson","Johnson_individual_52",52,"GSM5463291",1
"Johnson","Johnson_individual_53",53,"GSM5463292",1
"Johnson","Johnson_individual_54",54,"GSM5463293",1
"Johnson","Johnson_individual_55",55,"GSM5463294",1
"Johnson","Johnson_individual_56",56,"GSM5463295",1
"Johnson","Johnson_individual_57",57,"GSM5463296",1
"Johnson","Johnson_individual_58",58,"GSM5463297",1
"Johnson","Johnson_individual_59",59,"GSM5463298",1
"Johnson","Johnson_individual_60",60,"GSM5463299",1
"Johnson","Johnson_individual_61",61,"GSM5463300",1
"Johnson","Johnson_individual_10",10,"GSM5463301;GSM5463320;GSM5463440;GSM5463448;GSM5463474;GSM5463487;GSM5463498;GSM5463574",8
"Johnson","Johnson_individual_62",62,"GSM5463302",1
"Johnson","Johnson_individual_63",63,"GSM5463303",1
"Johnson","Johnson_individual_64",64,"GSM5463304",1
"Johnson","Johnson_individual_65",65,"GSM5463305",1
"Johnson","Johnson_individual_66",66,"GSM5463306",1
"Johnson","Johnson_individual_9",9,"GSM5463307;GSM5463374",2
"Johnson","Johnson_individual_67",67,"GSM5463308",1
"Johnson","Johnson_individual_68",68,"GSM5463309",1
"Johnson","Johnson_individual_69",69,"GSM5463310",1
"Johnson","Johnson_individual_70",70,"GSM5463311",1
"Johnson","Johnson_individual_71",71,"GSM5463312",1
"Johnson","Johnson_individual_72",72,"GSM5463313",1
"Johnson","Johnson_individual_73",73,"GSM5463314",1
"Johnson","Johnson_individual_74",74,"GSM5463315",1
"Johnson","Johnson_individual_75",75,"GSM5463316",1
"Johnson","Johnson_individual_76",76,"GSM5463317",1
"Johnson","Johnson_individual_77",77,"GSM5463318",1
"Johnson","Johnson_individual_78",78,"GSM5463319",1
"Johnson","Johnson_individual_79",79,"GSM5463321",1
"Johnson","Johnson_individual_80",80,"GSM5463322",1
"Johnson","Johnson_individual_81",81,"GSM5463323",1
"Johnson","Johnson_individual_1",1,"GSM5463324;GSM5463383",2
"Johnson","Johnson_individual_82",82,"GSM5463325",1
"Johnson","Johnson_individual_83",83,"GSM5463326",1
"Johnson","Johnson_individual_84",84,"GSM5463327",1
"Johnson","Johnson_individual_85",85,"GSM5463328",1
"Johnson","Johnson_individual_86",86,"GSM5463329",1
"Johnson","Johnson_individual_87",87,"GSM5463330",1
"Johnson","Johnson_individual_88",88,"GSM5463331",1
"Johnson","Johnson_individual_89",89,"GSM5463332",1
"Johnson","Johnson_individual_90",90,"GSM5463333",1
"Johnson","Johnson_individual_91",91,"GSM5463334",1
"Johnson","Johnson_individual_92",92,"GSM5463335",1
"Johnson","Johnson_individual_93",93,"GSM5463336",1
"Johnson","Johnson_individual_94",94,"GSM5463337",1
"Johnson","Johnson_individual_95",95,"GSM5463338",1
"Johnson","Johnson_individual_96",96,"GSM5463339",1
"Johnson","Johnson_individual_97",97,"GSM5463340",1
"Johnson","Johnson_individual_98",98,"GSM5463341",1
"Johnson","Johnson_individual_99",99,"GSM5463342",1
"Johnson","Johnson_individual_100",100,"GSM5463343",1
"Johnson","Johnson_individual_101",101,"GSM5463344",1
"Johnson","Johnson_individual_102",102,"GSM5463345",1
"Johnson","Johnson_individual_103",103,"GSM5463346",1
"Johnson","Johnson_individual_104",104,"GSM5463347",1
"Johnson","Johnson_individual_105",105,"GSM5463348",1
"Johnson","Johnson_individual_106",106,"GSM5463349",1
"Johnson","Johnson_individual_107",107,"GSM5463350",1
"Johnson","Johnson_individual_108",108,"GSM5463351",1
"Johnson","Johnson_individual_109",109,"GSM5463352",1
"Johnson","Johnson_individual_110",110,"GSM5463353",1
"Johnson","Johnson_individual_111",111,"GSM5463354",1
"Johnson","Johnson_individual_112",112,"GSM5463355",1
"Johnson","Johnson_individual_113",113,"GSM5463356",1
"Johnson","Johnson_individual_114",114,"GSM5463357",1
"Johnson","Johnson_individual_115",115,"GSM5463358",1
"Johnson","Johnson_individual_116",116,"GSM5463359",1
"Johnson","Johnson_individual_117",117,"GSM5463360",1
"Johnson","Johnson_individual_118",118,"GSM5463361",1
"Johnson","Johnson_individual_119",119,"GSM5463362",1
"Johnson","Johnson_individual_120",120,"GSM5463363",1
"Johnson","Johnson_individual_121",121,"GSM5463364",1
"Johnson","Johnson_individual_122",122,"GSM5463365",1
"Johnson","Johnson_individual_123",123,"GSM5463366",1
"Johnson","Johnson_individual_124",124,"GSM5463367",1
"Johnson","Johnson_individual_125",125,"GSM5463368",1
"Johnson","Johnson_individual_126",126,"GSM5463369",1
"Johnson","Johnson_individual_127",127,"GSM5463370",1
"Johnson","Johnson_individual_128",128,"GSM5463371",1
"Johnson","Johnson_individual_129",129,"GSM5463372",1
"Johnson","Johnson_individual_130",130,"GSM5463373",1
"Johnson","Johnson_individual_3",3,"GSM5463375;GSM5463529",2
"Johnson","Johnson_individual_131",131,"GSM5463376",1
"Johnson","Johnson_individual_132",132,"GSM5463377",1
"Johnson","Johnson_individual_133",133,"GSM5463378",1
"Johnson","Johnson_individual_134",134,"GSM5463379",1
"Johnson","Johnson_individual_135",135,"GSM5463380",1
"Johnson","Johnson_individual_136",136,"GSM5463381",1
"Johnson","Johnson_individual_137",137,"GSM5463382",1
"Johnson","Johnson_individual_138",138,"GSM5463384",1
"Johnson","Johnson_individual_139",139,"GSM5463385",1
"Johnson","Johnson_individual_140",140,"GSM5463386",1
"Johnson","Johnson_individual_141",141,"GSM5463387",1
"Johnson","Johnson_individual_142",142,"GSM5463388",1
"Johnson","Johnson_individual_143",143,"GSM5463389",1
"Johnson","Johnson_individual_144",144,"GSM5463390",1
"Johnson","Johnson_individual_145",145,"GSM5463391",1
"Johnson","Johnson_individual_146",146,"GSM5463392",1
"Johnson","Johnson_individual_147",147,"GSM5463393",1
"Johnson","Johnson_individual_148",148,"GSM5463394",1
"Johnson","Johnson_individual_149",149,"GSM5463395",1
"Johnson","Johnson_individual_2",2,"GSM5463396;GSM5463525",2
"Johnson","Johnson_individual_150",150,"GSM5463397",1
"Johnson","Johnson_individual_151",151,"GSM5463398",1
"Johnson","Johnson_individual_152",152,"GSM5463399",1
"Johnson","Johnson_individual_153",153,"GSM5463400",1
"Johnson","Johnson_individual_154",154,"GSM5463401",1
"Johnson","Johnson_individual_155",155,"GSM5463402",1
"Johnson","Johnson_individual_156",156,"GSM5463403",1
"Johnson","Johnson_individual_157",157,"GSM5463404",1
"Johnson","Johnson_individual_158",158,"GSM5463405",1
"Johnson","Johnson_individual_159",159,"GSM5463406",1
"Johnson","Johnson_individual_160",160,"GSM5463407",1
"Johnson","Johnson_individual_161",161,"GSM5463408",1
"Johnson","Johnson_individual_162",162,"GSM5463409",1
"Johnson","Johnson_individual_163",163,"GSM5463410",1
"Johnson","Johnson_individual_164",164,"GSM5463411",1
"Johnson","Johnson_individual_165",165,"GSM5463412",1
"Johnson","Johnson_individual_166",166,"GSM5463413",1
"Johnson","Johnson_individual_167",167,"GSM5463414",1
"Johnson","Johnson_individual_168",168,"GSM5463416",1
"Johnson","Johnson_individual_169",169,"GSM5463417",1
"Johnson","Johnson_individual_170",170,"GSM5463418",1
"Johnson","Johnson_individual_171",171,"GSM5463419",1
"Johnson","Johnson_individual_172",172,"GSM5463420",1
"Johnson","Johnson_individual_173",173,"GSM5463421",1
"Johnson","Johnson_individual_5",5,"GSM5463422;GSM5463582",2
"Johnson","Johnson_individual_174",174,"GSM5463423",1
"Johnson","Johnson_individual_175",175,"GSM5463424",1
"Johnson","Johnson_individual_176",176,"GSM5463425",1
"Johnson","Johnson_individual_177",177,"GSM5463426",1
"Johnson","Johnson_individual_178",178,"GSM5463427",1
"Johnson","Johnson_individual_179",179,"GSM5463428",1
"Johnson","Johnson_individual_180",180,"GSM5463429",1
"Johnson","Johnson_individual_181",181,"GSM5463430",1
"Johnson","Johnson_individual_182",182,"GSM5463431",1
"Johnson","Johnson_individual_183",183,"GSM5463432",1
"Johnson","Johnson_individual_184",184,"GSM5463433",1
"Johnson","Johnson_individual_185",185,"GSM5463434",1
"Johnson","Johnson_individual_186",186,"GSM5463435",1
"Johnson","Johnson_individual_187",187,"GSM5463436",1
"Johnson","Johnson_individual_188",188,"GSM5463437",1
"Johnson","Johnson_individual_189",189,"GSM5463438",1
"Johnson","Johnson_individual_190",190,"GSM5463439",1
"Johnson","Johnson_individual_191",191,"GSM5463441",1
"Johnson","Johnson_individual_192",192,"GSM5463442",1
"Johnson","Johnson_individual_193",193,"GSM5463443",1
"Johnson","Johnson_individual_7",7,"GSM5463444;GSM5463581",2
"Johnson","Johnson_individual_194",194,"GSM5463445",1
"Johnson","Johnson_individual_195",195,"GSM5463446",1
"Johnson","Johnson_individual_196",196,"GSM5463447",1
"Johnson","Johnson_individual_197",197,"GSM5463449",1
"Johnson","Johnson_individual_198",198,"GSM5463450",1
"Johnson","Johnson_individual_199",199,"GSM5463451",1
"Johnson","Johnson_individual_200",200,"GSM5463452",1
"Johnson","Johnson_individual_201",201,"GSM5463453",1
"Johnson","Johnson_individual_202",202,"GSM5463454",1
"Johnson","Johnson_individual_203",203,"GSM5463455",1
"Johnson","Johnson_individual_204",204,"GSM5463456",1
"Johnson","Johnson_individual_205",205,"GSM5463457",1
"Johnson","Johnson_individual_206",206,"GSM5463458",1
"Johnson","Johnson_individual_207",207,"GSM5463459",1
"Johnson","Johnson_individual_208",208,"GSM5463460",1
"Johnson","Johnson_individual_209",209,"GSM5463461",1
"Johnson","Johnson_individual_210",210,"GSM5463462",1
"Johnson","Johnson_individual_211",211,"GSM5463463",1
"Johnson","Johnson_individual_212",212,"GSM5463464",1
"Johnson","Johnson_individual_213",213,"GSM5463465",1
"Johnson","Johnson_individual_214",214,"GSM5463466",1
"Johnson","Johnson_individual_215",215,"GSM5463467",1
"Johnson","Johnson_individual_216",216,"GSM5463468",1
"Johnson","Johnson_individual_217",217,"GSM5463469",1
"Johnson","Johnson_individual_218",218,"GSM5463470",1
"Johnson","Johnson_individual_219",219,"GSM5463471",1
"Johnson","Johnson_individual_220",220,"GSM5463472",1
"Johnson","Johnson_individual_221",221,"GSM5463473",1
"Johnson","Johnson_individual_222",222,"GSM5463475",1
"Johnson","Johnson_individual_223",223,"GSM5463476",1
"Johnson","Johnson_individual_224",224,"GSM5463477",1
"Johnson","Johnson_individual_225",225,"GSM5463478",1
"Johnson","Johnson_individual_226",226,"GSM5463479",1
"Johnson","Johnson_individual_227",227,"GSM5463480",1
"Johnson","Johnson_individual_228",228,"GSM5463481",1
"Johnson","Johnson_individual_229",229,"GSM5463482",1
"Johnson","Johnson_individual_230",230,"GSM5463483",1
"Johnson","Johnson_individual_231",231,"GSM5463484",1
"Johnson","Johnson_individual_232",232,"GSM5463485",1
"Johnson","Johnson_individual_233",233,"GSM5463488",1
"Johnson","Johnson_individual_234",234,"GSM5463489",1
"Johnson","Johnson_individual_235",235,"GSM5463490",1
"Johnson","Johnson_individual_236",236,"GSM5463491",1
"Johnson","Johnson_individual_237",237,"GSM5463492",1
"Johnson","Johnson_individual_238",238,"GSM5463493",1
"Johnson","Johnson_individual_239",239,"GSM5463494",1
"Johnson","Johnson_individual_240",240,"GSM5463495",1
"Johnson","Johnson_individual_241",241,"GSM5463496",1
"Johnson","Johnson_individual_242",242,"GSM5463497",1
"Johnson","Johnson_individual_243",243,"GSM5463499",1
"Johnson","Johnson_individual_244",244,"GSM5463500",1
"Johnson","Johnson_individual_245",245,"GSM5463501",1
"Johnson","Johnson_individual_246",246,"GSM5463502",1
"Johnson","Johnson_individual_247",247,"GSM5463503",1
"Johnson","Johnson_individual_248",248,"GSM5463504",1
"Johnson","Johnson_individual_249",249,"GSM5463505",1
"Johnson","Johnson_individual_250",250,"GSM5463506",1
"Johnson","Johnson_individual_251",251,"GSM5463507",1
"Johnson","Johnson_individual_252",252,"GSM5463508",1
"Johnson","Johnson_individual_253",253,"GSM5463509",1
"Johnson","Johnson_individual_254",254,"GSM5463510",1
"Johnson","Johnson_individual_255",255,"GSM5463511",1
"Johnson","Johnson_individual_256",256,"GSM5463512",1
"Johnson","Johnson_individual_257",257,"GSM5463513",1
"Johnson","Johnson_individual_258",258,"GSM5463514",1
"Johnson","Johnson_individual_259",259,"GSM5463515",1
"Johnson","Johnson_individual_260",260,"GSM5463516",1
"Johnson","Johnson_individual_261",261,"GSM5463517",1
"Johnson","Johnson_individual_262",262,"GSM5463518",1
"Johnson","Johnson_individual_263",263,"GSM5463519",1
"Johnson","Johnson_individual_264",264,"GSM5463520",1
"Johnson","Johnson_individual_265",265,"GSM5463521",1
"Johnson","Johnson_individual_266",266,"GSM5463522",1
"Johnson","Johnson_individual_267",267,"GSM5463523",1
"Johnson","Johnson_individual_268",268,"GSM5463524",1
"Johnson","Johnson_individual_269",269,"GSM5463526",1
"Johnson","Johnson_individual_270",270,"GSM5463527",1
"Johnson","Johnson_individual_271",271,"GSM5463528",1
"Johnson","Johnson_individual_272",272,"GSM5463530",1
"Johnson","Johnson_individual_273",273,"GSM5463531",1
"Johnson","Johnson_individual_274",274,"GSM5463532",1
"Johnson","Johnson_individual_275",275,"GSM5463533",1
"Johnson","Johnson_individual_276",276,"GSM5463534",1
"Johnson","Johnson_individual_277",277,"GSM5463535",1
"Johnson","Johnson_individual_278",278,"GSM5463536",1
"Johnson","Johnson_individual_279",279,"GSM5463537",1
"Johnson","Johnson_individual_280",280,"GSM5463538",1
"Johnson","Johnson_individual_281",281,"GSM5463539",1
"Johnson","Johnson_individual_282",282,"GSM5463540",1
"Johnson","Johnson_individual_283",283,"GSM5463541",1
"Johnson","Johnson_individual_284",284,"GSM5463542",1
"Johnson","Johnson_individual_285",285,"GSM5463543",1
"Johnson","Johnson_individual_286",286,"GSM5463544",1
"Johnson","Johnson_individual_287",287,"GSM5463545",1
"Johnson","Johnson_individual_288",288,"GSM5463546",1
"Johnson","Johnson_individual_289",289,"GSM5463547",1
"Johnson","Johnson_individual_290",290,"GSM5463548",1
"Johnson","Johnson_individual_291",291,"GSM5463549",1
"Johnson","Johnson_individual_292",292,"GSM5463550",1
"Johnson","Johnson_individual_293",293,"GSM5463551",1
"Johnson","Johnson_individual_294",294,"GSM5463552",1
"Johnson","Johnson_individual_295",295,"GSM5463553",1
"Johnson","Johnson_individual_296",296,"GSM5463554",1
"Johnson","Johnson_individual_297",297,"GSM5463555",1
"Johnson","Johnson_individual_298",298,"GSM5463556",1
"Johnson","Johnson_individual_299",299,"GSM5463557",1
"Johnson","Johnson_individual_300",300,"GSM5463558",1
"Johnson","Johnson_individual_301",301,"GSM5463559",1
"Johnson","Johnson_individual_302",302,"GSM5463560",1
"Johnson","Johnson_individual_303",303,"GSM5463561",1
"Johnson","Johnson_individual_304",304,"GSM5463562",1
"Johnson","Johnson_individual_305",305,"GSM5463563",1
"Johnson","Johnson_individual_306",306,"GSM5463564",1
"Johnson","Johnson_individual_307",307,"GSM5463565",1
"Johnson","Johnson_individual_308",308,"GSM5463566",1
"Johnson","Johnson_individual_309",309,"GSM5463567",1
"Johnson","Johnson_individual_310",310,"GSM5463568",1
"Johnson","Johnson_individual_311",311,"GSM5463569",1
"Johnson","Johnson_individual_312",312,"GSM5463570",1
"Johnson","Johnson_individual_313",313,"GSM5463572",1
"Johnson","Johnson_individual_314",314,"GSM5463573",1
"Johnson","Johnson_individual_315",315,"GSM5463575",1
"Johnson","Johnson_individual_316",316,"GSM5463576",1
"Johnson","Johnson_individual_317",317,"GSM5463577",1
"Johnson","Johnson_individual_318",318,"GSM5463578",1
"Johnson","Johnson_individual_319",319,"GSM5463579",1
"Johnson","Johnson_individual_320",320,"GSM5463580",1
"Johnson","Johnson_individual_321",321,"GSM5463583",1
"Johnson","Johnson_individual_322",322,"GSM5463584",1
"Johnson","Johnson_individual_323",323,"GSM5463585",1
"Johnson","Johnson_individual_324",324,"GSM5463586",1
"Johnson","Johnson_individual_325",325,"GSM5463587",1
"Murphy","Murphy_biopsy_15914",15914,"GSM1201506",1
"Murphy","Murphy_biopsy_15554",15554,"GSM1201507",1
"Murphy","Murphy_biopsy_15445",15445,"GSM1201508;GSM1201544",2
"Murphy","Murphy_biopsy_15029",15029,"GSM1201509",1
"Murphy","Murphy_biopsy_15878",15878,"GSM1201510",1
"Murphy","Murphy_biopsy_15151",15151,"GSM1201511",1
"Murphy","Murphy_biopsy_15442",15442,"GSM1201512",1
"Murphy","Murphy_biopsy_15568",15568,"GSM1201513",1
"Murphy","Murphy_biopsy_15893",15893,"GSM1201514",1
"Murphy","Murphy_biopsy_15966",15966,"GSM1201515",1
"Murphy","Murphy_biopsy_15800",15800,"GSM1201516",1
"Murphy","Murphy_biopsy_15873",15873,"GSM1201517",1
"Murphy","Murphy_biopsy_15214",15214,"GSM1201518",1
"Murphy","Murphy_biopsy_15757",15757,"GSM1201519",1
"Murphy","Murphy_biopsy_15066",15066,"GSM1201520",1
"Murphy","Murphy_biopsy_15004",15004,"GSM1201521",1
"Murphy","Murphy_biopsy_15777",15777,"GSM1201522;GSM1201556",2
"Murphy","Murphy_biopsy_15639",15639,"GSM1201523",1
"Murphy","Murphy_biopsy_15350",15350,"GSM1201524",1
"Murphy","Murphy_biopsy_15386",15386,"GSM1201525",1
"Murphy","Murphy_biopsy_15956",15956,"GSM1201526",1
"Murphy","Murphy_biopsy_15902",15902,"GSM1201527",1
"Murphy","Murphy_biopsy_15238",15238,"GSM1201528",1
"Murphy","Murphy_biopsy_15972",15972,"GSM1201529",1
"Murphy","Murphy_biopsy_15495",15495,"GSM1201530",1
"Murphy","Murphy_biopsy_15776",15776,"GSM1201531",1
"Murphy","Murphy_biopsy_15020",15020,"GSM1201532",1
"Murphy","Murphy_biopsy_15102",15102,"GSM1201533",1
"Murphy","Murphy_biopsy_15177",15177,"GSM1201534",1
"Murphy","Murphy_biopsy_15367",15367,"GSM1201535",1
"Murphy","Murphy_biopsy_15262",15262,"GSM1201536",1
"Murphy","Murphy_biopsy_15903",15903,"GSM1201537",1
"Murphy","Murphy_biopsy_15342",15342,"GSM1201538;GSM1201553",2
"Murphy","Murphy_biopsy_15742",15742,"GSM1201539",1
"Murphy","Murphy_biopsy_15919",15919,"GSM1201540",1
"Murphy","Murphy_biopsy_15022",15022,"GSM1201541",1
"Murphy","Murphy_biopsy_15400",15400,"GSM1201542",1
"Murphy","Murphy_biopsy_15928",15928,"GSM1201543",1
"Murphy","Murphy_biopsy_15277",15277,"GSM1201545",1
"Murphy","Murphy_biopsy_15883",15883,"GSM1201546",1
"Murphy","Murphy_biopsy_15684",15684,"GSM1201547",1
"Murphy","Murphy_biopsy_15864",15864,"GSM1201548",1
"Murphy","Murphy_biopsy_15794",15794,"GSM1201549",1
"Murphy","Murphy_biopsy_15311",15311,"GSM1201550",1
"Murphy","Murphy_biopsy_15012",15012,"GSM1201551",1
"Murphy","Murphy_biopsy_15304",15304,"GSM1201552",1
"Murphy","Murphy_biopsy_15525",15525,"GSM1201554",1
"Murphy","Murphy_biopsy_15033",15033,"GSM1201555",1
"Murphy","Murphy_biopsy_15771",15771,"GSM1201557",1
"Murphy","Murphy_biopsy_15341",15341,"GSM1201558",1
"Murphy","Murphy_biopsy_15812",15812,"GSM1201559",1
"Murphy","Murphy_biopsy_15751",15751,"GSM1201560",1
"Murphy","Murphy_biopsy_15298",15298,"GSM1201561",1
"Murphy","Murphy_biopsy_15681",15681,"GSM1201562",1
"Murphy","Murphy_biopsy_15433",15433,"GSM1201563",1
"Murphy","Murphy_biopsy_15228",15228,"GSM1201564",1
