Correction,StageVar,Group,Clock,n,mean,sd,median,q1,q3,min,max
ComBat,DiseaseGroup,Advanced fibrosis,Horvath1,120,4.24,4.98,4.03,1,7.25,-9.82,17.14
ComBat,DiseaseGroup,Healthy,Horvath1,74,-5.89,6.26,-6.23,-10.01,-2.27,-23.95,9.98
ComBat,DiseaseGroup,Healthy obese,Horvath1,228,-0.6,5.2,-0.71,-4.08,2.82,-15.11,12.57
ComBat,DiseaseGroup,MASH,Horvath1,79,0.63,5.54,0.54,-2.57,3.66,-15.47,24.43
ComBat,DiseaseGroup,MASL,Horvath1,50,-0.8,6.78,-0.69,-4.45,3.07,-15.79,20.07
ComBat,DiseaseGroup,Mild fibrosis,Horvath1,14,3.91,9.72,2.9,-2.57,9.15,-10.72,22.13
ComBat,DiseaseGroup,Advanced fibrosis,PCHorvath1,120,5.35,4.82,5.62,2.15,8.17,-10.31,17.71
ComBat,DiseaseGroup,Healthy,PCHorvath1,74,-6.82,5.04,-6.68,-9.84,-3.58,-19.92,6.1
ComBat,DiseaseGroup,Healthy obese,PCHorvath1,228,-1.24,6.29,-1.27,-5.6,2.97,-16.2,14.57
ComBat,DiseaseGroup,MASH,PCHorvath1,79,2.04,5.43,1.71,-1.78,5.3,-8.07,22.21
ComBat,DiseaseGroup,MASL,PCHorvath1,50,-1.58,7.51,-0.25,-6.53,4.3,-22.63,10.06
ComBat,DiseaseGroup,Mild fibrosis,PCHorvath1,14,4.58,8.34,5.78,0.38,7.81,-8.54,16.94
ComBat,DiseaseGroup,Advanced fibrosis,Horvath2,120,-0.2,7.13,0.1,-5.43,4.41,-18.83,21.18
ComBat,DiseaseGroup,Healthy,Horvath2,74,-3.58,7.88,-2.97,-8.11,2.67,-26.15,13.81
ComBat,DiseaseGroup,Healthy obese,Horvath2,228,2.52,7.36,2.87,-2.75,7.37,-20.03,19.98
ComBat,DiseaseGroup,MASH,Horvath2,79,-2.65,8.52,-2.24,-7.71,3.48,-24.08,14.63
ComBat,DiseaseGroup,MASL,Horvath2,50,-2.14,12.88,1.87,-7.41,4.79,-68.24,14.65
ComBat,DiseaseGroup,Mild fibrosis,Horvath2,14,2.21,7.15,2.39,-3.54,7.57,-9.06,13.71
ComBat,DiseaseGroup,Advanced fibrosis,PCHorvath2,120,5.33,5.29,5.76,2.23,8.31,-12.56,19.82
ComBat,DiseaseGroup,Healthy,PCHorvath2,74,-7.27,5.93,-7.59,-10.21,-3.92,-20.84,6.94
ComBat,DiseaseGroup,Healthy obese,PCHorvath2,228,-1.71,7.16,-1.52,-6.89,3.24,-19.76,16.6
ComBat,DiseaseGroup,MASH,PCHorvath2,79,2.9,5.44,3.41,-1.04,6.41,-9.84,16.42
ComBat,DiseaseGroup,MASL,PCHorvath2,50,-0.19,9.38,0.56,-5.81,4.67,-22.32,27.31
ComBat,DiseaseGroup,Mild fibrosis,PCHorvath2,14,4.96,10.03,4.92,0.35,10.44,-11.47,26.05
ComBat,DiseaseGroup,Advanced fibrosis,Hannum,120,-2.06,5.38,-2.42,-5.35,1.18,-13.21,17.98
ComBat,DiseaseGroup,Healthy,Hannum,74,-0.04,6.04,0.83,-3.39,4.23,-17.81,10.76
ComBat,DiseaseGroup,Healthy obese,Hannum,228,2.39,4.74,2.24,-0.48,5.43,-15.52,15.61
ComBat,DiseaseGroup,MASH,Hannum,79,-3.2,7.52,-1.26,-7.74,1.69,-26.22,9.8
ComBat,DiseaseGroup,MASL,Hannum,50,-0.8,8,0.24,-2.75,3.48,-36.38,10.22
ComBat,DiseaseGroup,Mild fibrosis,Hannum,14,-0.15,5.04,-0.72,-2.83,3.02,-10.01,7.82
ComBat,DiseaseGroup,Advanced fibrosis,PCHannum,120,0.54,4.62,0.13,-2.73,3.54,-12.1,14.43
ComBat,DiseaseGroup,Healthy,PCHannum,74,-3.55,4.79,-2.92,-6.19,0.01,-13.37,8.3
ComBat,DiseaseGroup,Healthy obese,PCHannum,228,0.52,5.37,0.6,-3.13,3.8,-13.7,15.53
ComBat,DiseaseGroup,MASH,PCHannum,79,0.35,5.2,0,-2.69,3.94,-9.95,12.63
ComBat,DiseaseGroup,MASL,PCHannum,50,0.28,6.75,0.52,-3.6,3.66,-15.06,16.83
ComBat,DiseaseGroup,Mild fibrosis,PCHannum,14,2.71,7.11,0.78,-2.74,8.04,-6.31,15.62
ComBat,DiseaseGroup,Advanced fibrosis,PhenoAge,120,4.37,6.85,4.23,-0.13,9.21,-12.6,25.47
ComBat,DiseaseGroup,Healthy,PhenoAge,74,-5.53,7.38,-6.1,-10.71,-0.34,-23.1,11.28
ComBat,DiseaseGroup,Healthy obese,PhenoAge,228,-0.78,6.9,-1.15,-5.27,3.37,-23.37,19.3
ComBat,DiseaseGroup,MASH,PhenoAge,79,0.76,6.39,0.74,-4.02,4.9,-14.86,19.42
ComBat,DiseaseGroup,MASL,PhenoAge,50,-0.64,9.98,-0.23,-7.05,4.64,-24.97,28.86
ComBat,DiseaseGroup,Mild fibrosis,PhenoAge,14,2.53,9.01,1.77,-4.02,7.17,-9.51,20.48
ComBat,DiseaseGroup,Advanced fibrosis,PCPhenoAge,120,-1.78,6.65,-1.39,-6.51,2.72,-17.93,18.09
ComBat,DiseaseGroup,Healthy,PCPhenoAge,74,-3.17,5.81,-2.11,-7.81,0.35,-16.02,13.75
ComBat,DiseaseGroup,Healthy obese,PCPhenoAge,228,1.66,6.25,1.59,-2.77,5.97,-16.19,17.31
ComBat,DiseaseGroup,MASH,PCPhenoAge,79,-0.57,6.76,-0.05,-4.44,4.05,-18.35,13.98
ComBat,DiseaseGroup,MASL,PCPhenoAge,50,1.45,7.14,1.56,-2.19,5.88,-15.45,18.86
ComBat,DiseaseGroup,Mild fibrosis,PCPhenoAge,14,3,7.79,0.59,-2.93,9.95,-5.82,15.85
ComBat,DiseaseGroup,Advanced fibrosis,GrimAgeV1,120,1.59,3.24,1.89,-0.48,3.78,-8.02,9.55
ComBat,DiseaseGroup,Healthy,GrimAgeV1,74,-1.34,2.64,-1.56,-3.35,0.42,-7.12,4.94
ComBat,DiseaseGroup,Healthy obese,GrimAgeV1,228,-0.25,3.05,-0.44,-2.49,1.57,-6.67,12.6
ComBat,DiseaseGroup,MASH,GrimAgeV1,79,-0.68,2.97,-0.44,-3.09,1.92,-8.18,4.49
ComBat,DiseaseGroup,MASL,GrimAgeV1,50,0.24,3.15,-0.15,-1.6,0.93,-6.27,8.1
ComBat,DiseaseGroup,Mild fibrosis,GrimAgeV1,14,0.52,3.16,-0.22,-1.26,0.81,-2.81,9.98
ComBat,DiseaseGroup,Advanced fibrosis,PCGrimAge,120,0.32,1.57,0.09,-0.9,1.59,-2.64,4.26
ComBat,DiseaseGroup,Healthy,PCGrimAge,74,-0.62,1.83,-0.64,-1.9,0.66,-5.87,3.44
ComBat,DiseaseGroup,Healthy obese,PCGrimAge,228,-0.22,1.85,-0.48,-1.57,0.88,-3.72,5.18
ComBat,DiseaseGroup,MASH,PCGrimAge,79,0.09,2.12,-0.26,-1.56,1.38,-3.47,5.68
ComBat,DiseaseGroup,MASL,PCGrimAge,50,0.73,2.11,0.18,-0.65,1.99,-2.31,8.81
ComBat,DiseaseGroup,Mild fibrosis,PCGrimAge,14,1.08,1.86,0.2,-0.08,2.21,-1.47,5.01
ComBat,DiseaseGroup,Advanced fibrosis,HepClock,120,4.53,4.72,4.14,1.49,7.24,-6.44,19.57
ComBat,DiseaseGroup,Healthy,HepClock,74,-5.17,6.97,-4.52,-9.27,-0.83,-29.32,12.7
ComBat,DiseaseGroup,Healthy obese,HepClock,228,-0.03,4.51,0.22,-2.66,2.72,-15.36,12.06
ComBat,DiseaseGroup,MASH,HepClock,79,-1.63,5.82,-2.18,-5.11,1.44,-19.03,24.34
ComBat,DiseaseGroup,MASL,HepClock,50,-1.14,9.4,-2.43,-5.54,3.09,-25.69,32.71
ComBat,DiseaseGroup,Mild fibrosis,HepClock,14,2.31,7.98,0.82,-2.99,8.74,-11.61,14.74
ComBat,DiseaseGroup,Advanced fibrosis,LiverClock,120,4.04,3.89,4.14,1.99,6.2,-5.35,15.28
ComBat,DiseaseGroup,Healthy,LiverClock,74,-4.36,6.03,-4.74,-8.13,-0.51,-21.63,8.82
ComBat,DiseaseGroup,Healthy obese,LiverClock,228,0.7,3.62,0.72,-1.5,3.31,-9.82,11.91
ComBat,DiseaseGroup,MASH,LiverClock,79,-2.72,5.23,-2.92,-6.55,-0.19,-13.72,25.41
ComBat,DiseaseGroup,MASL,LiverClock,50,-2.4,6.62,-2.8,-6.62,0.74,-18.3,15.42
ComBat,DiseaseGroup,Mild fibrosis,LiverClock,14,0.88,7.01,2.02,-5.92,5.55,-10.05,11.17
ComBat,Progression3,Advanced fibrosis,Horvath1,120,4.24,4.98,4.03,1,7.25,-9.82,17.14
ComBat,Progression3,Healthy,Horvath1,302,-1.9,5.92,-2.06,-5.92,2.15,-23.95,12.57
ComBat,Progression3,Mild disease,Horvath1,143,0.45,6.56,0.31,-3.5,4,-15.79,24.43
ComBat,Progression3,Advanced fibrosis,PCHorvath1,120,5.35,4.82,5.62,2.15,8.17,-10.31,17.71
ComBat,Progression3,Healthy,PCHorvath1,302,-2.61,6.46,-2.79,-7.03,1.92,-19.92,14.57
ComBat,Progression3,Mild disease,PCHorvath1,143,1.02,6.8,1.33,-2.92,5.5,-22.63,22.21
ComBat,Progression3,Advanced fibrosis,Horvath2,120,-0.2,7.13,0.1,-5.43,4.41,-18.83,21.18
ComBat,Progression3,Healthy,Horvath2,302,1.02,7.93,1.49,-4.15,6.35,-26.15,19.98
ComBat,Progression3,Mild disease,Horvath2,143,-2,10.19,-1.1,-7.08,4.78,-68.24,14.65
ComBat,Progression3,Advanced fibrosis,PCHorvath2,120,5.33,5.29,5.76,2.23,8.31,-12.56,19.82
ComBat,Progression3,Healthy,PCHorvath2,302,-3.07,7.28,-3.56,-8.1,2.27,-20.84,16.6
ComBat,Progression3,Mild disease,PCHorvath2,143,2.02,7.67,2.58,-2.17,6.05,-22.32,27.31
ComBat,Progression3,Advanced fibrosis,Hannum,120,-2.06,5.38,-2.42,-5.35,1.18,-13.21,17.98
ComBat,Progression3,Healthy,Hannum,302,1.79,5.18,2.07,-1.12,4.84,-17.81,15.61
ComBat,Progression3,Mild disease,Hannum,143,-2.06,7.56,-0.55,-5.15,2.77,-36.38,10.22
ComBat,Progression3,Advanced fibrosis,PCHannum,120,0.54,4.62,0.13,-2.73,3.54,-12.1,14.43
ComBat,Progression3,Healthy,PCHannum,302,-0.48,5.52,-0.42,-4.21,3.14,-13.7,15.53
ComBat,Progression3,Mild disease,PCHannum,143,0.56,5.97,0.47,-3.37,4.17,-15.06,16.83
ComBat,Progression3,Advanced fibrosis,PhenoAge,120,4.37,6.85,4.23,-0.13,9.21,-12.6,25.47
ComBat,Progression3,Healthy,PhenoAge,302,-1.95,7.3,-2.03,-6.77,2.96,-23.37,19.3
ComBat,Progression3,Mild disease,PhenoAge,143,0.44,8.07,0.58,-4.63,4.91,-24.97,28.86
ComBat,Progression3,Advanced fibrosis,PCPhenoAge,120,-1.78,6.65,-1.39,-6.51,2.72,-17.93,18.09
ComBat,Progression3,Healthy,PCPhenoAge,302,0.48,6.48,0.32,-3.59,4.69,-16.19,17.31
ComBat,Progression3,Mild disease,PCPhenoAge,143,0.49,7.06,0.81,-3.53,4.44,-18.35,18.86
ComBat,Progression3,Advanced fibrosis,GrimAgeV1,120,1.59,3.24,1.89,-0.48,3.78,-8.02,9.55
ComBat,Progression3,Healthy,GrimAgeV1,302,-0.52,2.99,-0.57,-2.68,1.39,-7.12,12.6
ComBat,Progression3,Mild disease,GrimAgeV1,143,-0.24,3.07,-0.32,-2.25,1.74,-8.18,9.98
ComBat,Progression3,Advanced fibrosis,PCGrimAge,120,0.32,1.57,0.09,-0.9,1.59,-2.64,4.26
ComBat,Progression3,Healthy,PCGrimAge,302,-0.32,1.85,-0.52,-1.62,0.84,-5.87,5.18
ComBat,Progression3,Mild disease,PCGrimAge,143,0.41,2.11,0.05,-1.15,1.8,-3.47,8.81
ComBat,Progression3,Advanced fibrosis,HepClock,120,4.53,4.72,4.14,1.49,7.24,-6.44,19.57
ComBat,Progression3,Healthy,HepClock,302,-1.29,5.66,-0.87,-4.55,2.04,-29.32,12.7
ComBat,Progression3,Mild disease,HepClock,143,-1.07,7.5,-1.96,-5.18,2.08,-25.69,32.71
ComBat,Progression3,Advanced fibrosis,LiverClock,120,4.04,3.89,4.14,1.99,6.2,-5.35,15.28
ComBat,Progression3,Healthy,LiverClock,302,-0.54,4.85,0.04,-3.47,3.01,-21.63,11.91
ComBat,Progression3,Mild disease,LiverClock,143,-2.26,5.98,-2.71,-6.67,0.49,-18.3,25.41
Raw,DiseaseGroup,Advanced fibrosis,Horvath1,120,2.69,4.66,3.16,-0.64,5.81,-11.23,15.38
Raw,DiseaseGroup,Healthy,Horvath1,74,-3.34,6.67,-3.51,-6.63,0.64,-24.3,15.27
Raw,DiseaseGroup,Healthy obese,Horvath1,228,-1.62,4.14,-1.32,-4.43,1.09,-14.61,9.74
Raw,DiseaseGroup,MASH,Horvath1,79,3.34,5.63,3.78,0.97,5.89,-12.37,30.89
Raw,DiseaseGroup,MASL,Horvath1,50,0.09,8.42,-0.52,-5.27,4.65,-15.57,30.5
Raw,DiseaseGroup,Mild fibrosis,Horvath1,14,1.84,11.62,1.64,-6.25,4.32,-12.92,33.83
Raw,DiseaseGroup,Advanced fibrosis,PCHorvath1,120,5.85,4.87,6.07,2.6,9.17,-10.99,18.53
Raw,DiseaseGroup,Healthy,PCHorvath1,74,-6.87,5.11,-6.71,-9.71,-3.7,-26.47,9.88
Raw,DiseaseGroup,Healthy obese,PCHorvath1,228,-0.78,5.42,-0.93,-4.49,3.04,-12.93,13.02
Raw,DiseaseGroup,MASH,PCHorvath1,79,1.98,5.05,2.24,-0.39,5.26,-10.97,24.61
Raw,DiseaseGroup,MASL,PCHorvath1,50,-3.3,7.65,-3.32,-8.03,1.96,-25.19,13.66
Raw,DiseaseGroup,Mild fibrosis,PCHorvath1,14,-0.53,8.45,-0.71,-6.1,2.58,-11.31,22.32
Raw,DiseaseGroup,Advanced fibrosis,Horvath2,120,-2.64,6.42,-2.43,-7.16,1.27,-18.93,17.08
Raw,DiseaseGroup,Healthy,Horvath2,74,0.58,7.37,0.49,-4.33,5.59,-21.01,20.44
Raw,DiseaseGroup,Healthy obese,Horvath2,228,0.32,5.98,0.57,-3.66,3.7,-18.22,15.77
Raw,DiseaseGroup,MASH,Horvath2,79,2.28,7.37,3.28,-1.62,6.98,-21.89,18.39
Raw,DiseaseGroup,MASL,Horvath2,50,-0.06,14.11,1.86,-2.46,6.17,-83.36,16.97
Raw,DiseaseGroup,Mild fibrosis,Horvath2,14,1.64,6.12,0.9,-2.15,4.88,-7.64,12.87
Raw,DiseaseGroup,Advanced fibrosis,PCHorvath2,120,7.52,5.29,8.27,4.12,10.63,-12.26,21.16
Raw,DiseaseGroup,Healthy,PCHorvath2,74,-9.6,5.11,-9.47,-12.08,-6.23,-28.72,1.83
Raw,DiseaseGroup,Healthy obese,PCHorvath2,228,0.06,6.56,0.24,-4.56,4.68,-15.16,15.18
Raw,DiseaseGroup,MASH,PCHorvath2,79,-0.08,4.78,0.32,-2.69,3.17,-12.77,11.33
Raw,DiseaseGroup,MASL,PCHorvath2,50,-3.75,9.74,-4.54,-8.61,0.51,-20.46,34.72
Raw,DiseaseGroup,Mild fibrosis,PCHorvath2,14,-0.87,11.07,-2.52,-5.72,1.34,-14.82,31.64
Raw,DiseaseGroup,Advanced fibrosis,Hannum,120,-3.18,4.79,-3.26,-6.22,-0.31,-13.25,13.76
Raw,DiseaseGroup,Healthy,Hannum,74,1.36,5.55,2.33,-1.48,4.32,-13.36,14.61
Raw,DiseaseGroup,Healthy obese,Hannum,228,1.68,4.09,1.6,-0.63,4.17,-15.23,13.8
Raw,DiseaseGroup,MASH,Hannum,79,-1.01,6.15,-0.24,-4.58,3.5,-20.5,9.29
Raw,DiseaseGroup,MASL,Hannum,50,-0.3,8.67,1.26,-1.37,3.61,-48.46,12.41
Raw,DiseaseGroup,Mild fibrosis,Hannum,14,-0.51,5.83,1.43,-4.7,3.13,-9.37,9.89
Raw,DiseaseGroup,Advanced fibrosis,PCHannum,120,0.58,4.32,0.5,-2.74,3.18,-10.81,13.42
Raw,DiseaseGroup,Healthy,PCHannum,74,-3.62,4.24,-3.06,-5.86,-0.91,-17.34,7.96
Raw,DiseaseGroup,Healthy obese,PCHannum,228,0.72,4.62,0.64,-2.4,3.76,-11.67,14.17
Raw,DiseaseGroup,MASH,PCHannum,79,0.66,4.44,0.73,-3.16,4.21,-7.82,12.09
Raw,DiseaseGroup,MASL,PCHannum,50,-0.48,6.8,-0.56,-4.19,2.22,-14.31,22.61
Raw,DiseaseGroup,Mild fibrosis,PCHannum,14,0.42,7.53,-0.02,-4.95,3.11,-7.13,20.87
Raw,DiseaseGroup,Advanced fibrosis,PhenoAge,120,1.72,6.26,1.35,-2.65,6.41,-12.69,20.67
Raw,DiseaseGroup,Healthy,PhenoAge,74,-1.73,6.66,-1.56,-5.25,2.64,-22.84,11.75
Raw,DiseaseGroup,Healthy obese,PhenoAge,228,-2.19,5.73,-2.45,-5.75,1.67,-21.97,11.05
Raw,DiseaseGroup,MASH,PhenoAge,79,2.99,6.54,2.67,-1.38,7.06,-13.39,29.18
Raw,DiseaseGroup,MASL,PhenoAge,50,2.57,14.93,0.4,-4.23,7.99,-27.96,59.12
Raw,DiseaseGroup,Mild fibrosis,PhenoAge,14,4.01,15.42,0.95,-5.58,10.55,-18.7,43.72
Raw,DiseaseGroup,Advanced fibrosis,PCPhenoAge,120,-0.04,6.17,0.15,-4.42,4.11,-15.03,17.9
Raw,DiseaseGroup,Healthy,PCPhenoAge,74,-5.02,5.54,-4.53,-7.63,-1.52,-17.74,11.75
Raw,DiseaseGroup,Healthy obese,PCPhenoAge,228,2.74,5.83,3.09,-1.14,6.75,-12.44,17.49
Raw,DiseaseGroup,MASH,PCPhenoAge,79,-2.89,5.92,-2.2,-6.29,1.37,-17.84,9.75
Raw,DiseaseGroup,MASL,PCPhenoAge,50,-0.85,7.77,-1.01,-4.74,3.03,-20.58,25.61
Raw,DiseaseGroup,Mild fibrosis,PCPhenoAge,14,1.58,9.25,-1.2,-5.52,8.55,-10.48,21.01
Raw,DiseaseGroup,Advanced fibrosis,GrimAgeV1,120,1.07,2.98,1.24,-0.82,3.29,-7.81,7.17
Raw,DiseaseGroup,Healthy,GrimAgeV1,74,-0.21,2.56,-0.5,-1.9,1.34,-5.33,8.12
Raw,DiseaseGroup,Healthy obese,GrimAgeV1,228,-0.62,2.7,-0.84,-2.67,1.14,-6.59,11.13
Raw,DiseaseGroup,MASH,GrimAgeV1,79,-0.46,2.63,-0.3,-2.27,1.71,-6.89,4.81
Raw,DiseaseGroup,MASL,GrimAgeV1,50,1,3.37,0.67,-0.69,2.26,-5.27,12.65
Raw,DiseaseGroup,Mild fibrosis,GrimAgeV1,14,1.14,2.3,0.54,-0.36,2.63,-2.42,4.7
Raw,DiseaseGroup,Advanced fibrosis,PCGrimAge,120,0.4,1.47,0.19,-0.79,1.56,-2.1,4.12
Raw,DiseaseGroup,Healthy,PCGrimAge,74,-0.41,1.82,-0.4,-1.71,0.72,-4.44,4.42
Raw,DiseaseGroup,Healthy obese,PCGrimAge,228,-0.21,1.67,-0.42,-1.45,0.87,-3.33,4.65
Raw,DiseaseGroup,MASH,PCGrimAge,79,-0.48,2.29,-0.64,-2.06,0.43,-4.23,8.38
Raw,DiseaseGroup,MASL,PCGrimAge,50,0.93,3.17,0.57,-1.11,1.78,-3.27,14.95
Raw,DiseaseGroup,Mild fibrosis,PCGrimAge,14,1.67,2.93,1.2,-0.54,3.22,-1.87,8.85
Raw,DiseaseGroup,Advanced fibrosis,HepClock,120,2.88,3.77,2.59,0.33,5.33,-6.33,14.14
Raw,DiseaseGroup,Healthy,HepClock,74,-2.27,5.11,-1.9,-4.11,-0.09,-25.2,8.66
Raw,DiseaseGroup,Healthy obese,HepClock,228,-1.82,2.85,-1.69,-3.64,-0.22,-11.47,7.6
Raw,DiseaseGroup,MASH,HepClock,79,1.79,5.14,1.8,-0.98,3.25,-13.08,28.87
Raw,DiseaseGroup,MASL,HepClock,50,0.91,9.75,0.04,-2.02,2.03,-28.8,43.82
Raw,DiseaseGroup,Mild fibrosis,HepClock,14,3.61,7.83,1.9,-2.21,7.67,-6.27,20.32
Raw,DiseaseGroup,Advanced fibrosis,LiverClock,120,2.28,3.53,2.18,0.58,4.32,-8.74,10.84
Raw,DiseaseGroup,Healthy,LiverClock,74,-1.69,4.85,-1.63,-3.91,0.69,-19.66,14.32
Raw,DiseaseGroup,Healthy obese,LiverClock,228,-0.55,2.53,-0.47,-1.89,1.15,-8.12,5.15
Raw,DiseaseGroup,MASH,LiverClock,79,-0.18,5.57,-0.36,-3.32,2.06,-9.53,37.27
Raw,DiseaseGroup,MASL,LiverClock,50,-0.55,8.21,-1.88,-3.33,1.13,-16.68,28.89
Raw,DiseaseGroup,Mild fibrosis,LiverClock,14,1.31,8.57,-1.17,-3.85,2.68,-8.05,22
Raw,Progression3,Advanced fibrosis,Horvath1,120,2.69,4.66,3.16,-0.64,5.81,-11.23,15.38
Raw,Progression3,Healthy,Horvath1,302,-2.04,4.92,-1.78,-5.19,1.07,-24.3,15.27
Raw,Progression3,Mild disease,Horvath1,143,2.06,7.52,2.23,-1.82,5.47,-15.57,33.83
Raw,Progression3,Advanced fibrosis,PCHorvath1,120,5.85,4.87,6.07,2.6,9.17,-10.99,18.53
Raw,Progression3,Healthy,PCHorvath1,302,-2.27,5.94,-2.23,-6.38,2.09,-26.47,13.02
Raw,Progression3,Mild disease,PCHorvath1,143,-0.11,6.84,0.83,-4.82,3.57,-25.19,24.61
Raw,Progression3,Advanced fibrosis,Horvath2,120,-2.64,6.42,-2.43,-7.16,1.27,-18.93,17.08
Raw,Progression3,Healthy,Horvath2,302,0.39,6.33,0.57,-4.03,4.37,-21.01,20.44
Raw,Progression3,Mild disease,Horvath2,143,1.4,10.15,2.72,-2.2,6.81,-83.36,18.39
Raw,Progression3,Advanced fibrosis,PCHorvath2,120,7.52,5.29,8.27,4.12,10.63,-12.26,21.16
Raw,Progression3,Healthy,PCHorvath2,302,-2.31,7.49,-2.51,-7.38,3.27,-28.72,15.18
Raw,Progression3,Mild disease,PCHorvath2,143,-1.44,7.71,-1.56,-5.74,2.27,-20.46,34.72
Raw,Progression3,Advanced fibrosis,Hannum,120,-3.18,4.79,-3.26,-6.22,-0.31,-13.25,13.76
Raw,Progression3,Healthy,Hannum,302,1.6,4.48,1.69,-0.98,4.21,-15.23,14.61
Raw,Progression3,Mild disease,Hannum,143,-0.71,7.07,0.98,-3.5,3.5,-48.46,12.41
Raw,Progression3,Advanced fibrosis,PCHannum,120,0.58,4.32,0.5,-2.74,3.18,-10.81,13.42
Raw,Progression3,Healthy,PCHannum,302,-0.34,4.9,-0.47,-3.46,2.62,-17.34,14.17
Raw,Progression3,Mild disease,PCHannum,143,0.24,5.68,-0.07,-3.68,3.65,-14.31,22.61
Raw,Progression3,Advanced fibrosis,PhenoAge,120,1.72,6.26,1.35,-2.65,6.41,-12.69,20.67
Raw,Progression3,Healthy,PhenoAge,302,-2.08,5.96,-2.19,-5.74,1.81,-22.84,11.75
Raw,Progression3,Mild disease,PhenoAge,143,2.94,11.06,2.18,-2.97,7.44,-27.96,59.12
Raw,Progression3,Advanced fibrosis,PCPhenoAge,120,-0.04,6.17,0.15,-4.42,4.11,-15.03,17.9
Raw,Progression3,Healthy,PCPhenoAge,302,0.84,6.66,0.9,-3.61,5.28,-17.74,17.49
Raw,Progression3,Mild disease,PCPhenoAge,143,-1.74,7.07,-1.92,-5.9,2.13,-20.58,25.61
Raw,Progression3,Advanced fibrosis,GrimAgeV1,120,1.07,2.98,1.24,-0.82,3.29,-7.81,7.17
Raw,Progression3,Healthy,GrimAgeV1,302,-0.52,2.66,-0.7,-2.43,1.25,-6.59,11.13
Raw,Progression3,Mild disease,GrimAgeV1,143,0.21,2.96,0.19,-1.72,2.08,-6.89,12.65
Raw,Progression3,Advanced fibrosis,PCGrimAge,120,0.4,1.47,0.19,-0.79,1.56,-2.1,4.12
Raw,Progression3,Healthy,PCGrimAge,302,-0.26,1.7,-0.41,-1.47,0.86,-4.44,4.65
Raw,Progression3,Mild disease,PCGrimAge,143,0.22,2.79,-0.21,-1.56,1.34,-4.23,14.95
Raw,Progression3,Advanced fibrosis,HepClock,120,2.88,3.77,2.59,0.33,5.33,-6.33,14.14
Raw,Progression3,Healthy,HepClock,302,-1.93,3.54,-1.72,-3.74,-0.15,-25.2,8.66
Raw,Progression3,Mild disease,HepClock,143,1.66,7.31,0.77,-1.59,3.22,-28.8,43.82
Raw,Progression3,Advanced fibrosis,LiverClock,120,2.28,3.53,2.18,0.58,4.32,-8.74,10.84
Raw,Progression3,Healthy,LiverClock,302,-0.83,3.28,-0.72,-2.39,1.09,-19.66,14.32
Raw,Progression3,Mild disease,LiverClock,143,-0.17,6.88,-1.36,-3.42,1.71,-16.68,37.27
